index,Institution,,stateab,control,region,hbcu,ugds_women,ugds_black,npt4,tuitionfee_in,tuitionfee_out,avgfacsal,pftfac
1,Alabama A & M University,,AL,1,5,1,0.5924,0.912,14444,9744,18354,7101,0.7411
2,University of Alabama at Birmingham,,AL,1,5,0,0.607,0.2553,17005,8568,19704,10717,0.7766
3,Amridge University,,AL,2,5,0,0.6809,0.7151,15322,6900,6900,4292,1
4,University of Alabama in Huntsville,,AL,1,5,0,0.4204,0.0969,20909,10714,22362,9442,0.6544
5,Alabama State University,,AL,1,5,1,0.629,0.9352,13043,11068,19396,7754,0.5826
6,The University of Alabama,,AL,1,5,0,0.5557,0.0999,22232,10780,29230,10225,0.7454
7,Auburn University at Montgomery,,AL,1,5,0,0.652,0.4131,12680,8404,17812,7678,0.9655
8,Auburn University,,AL,1,5,0,0.4885,0.055,23696,11276,30524,10428,0.8553
9,Birmingham-Southern College,,AL,2,5,0,0.5209,0.1391,25494,17650,17650,7688,0.6667
10,Faulkner University,,AL,2,5,0,0.5955,0.481,25557,21690,21690,5743,0.4534
11,Huntingdon College,,AL,2,5,0,0.4944,0.2171,20136,27400,27400,6810,0.5714
12,Jacksonville State University,,AL,1,5,0,0.579,0.1866,16962,8760,16536,7122,0.675
13,Judson College,,AL,2,5,0,0.9923,0.2008,16619,18510,18510,6076,0.3678
14,University of West Alabama,,AL,1,5,0,0.5827,0.4312,13975,10040,18490,6461,0.4906
15,Miles College,,AL,2,5,1,0.5246,0.9483,15248,12132,12132,4615,0.7094
16,University of Mobile,,AL,2,5,0,0.6399,0.2519,14611,23230,23230,4863,1
17,University of Montevallo,,AL,1,5,0,0.6681,0.1666,16391,12760,25780,7710,0.6667
18,University of North Alabama,,AL,1,5,0,0.6018,0.1441,12557,10142,18452,7898,1
19,Oakwood University,,AL,2,5,1,0.573,0.8279,26293,19732,19732,4970,0.7386
20,Samford University,,AL,2,5,0,0.6671,0.0638,29207,31650,31650,8888,0.9848
21,University of South Alabama,,AL,1,5,0,0.5902,0.2298,14871,8396,16292,7239,0.6146
22,Spring Hill College,,AL,2,5,0,0.6134,0.1558,19718,39464,39464,6672,0.6667
23,Stillman College,,AL,2,5,1,0.5399,0.8462,13857,11092,11092,5094,0.6949
24,Talladega College,,AL,2,5,1,0.4942,0.851,16386,13571,13571,5861,0.5789
25,Troy University,,AL,1,5,0,0.6163,0.3122,13313,8908,16708,6639,0.533
26,Tuskegee University,,AL,2,5,1,0.6362,0.8454,35353,22170,22170,4810,1
27,University of Alaska Anchorage,,AK,1,8,0,0.581,0.0342,13819,8580,24762,9128,0.484
28,University of Alaska Fairbanks,,AK,1,8,0,0.565,0.0326,11297,6657,20218,9584,0.6066
29,Alaska Pacific University,,AK,2,8,0,0.6714,0.0177,20717,20760,20760,5467,0.5692
30,Arizona State University-Tempe,,AZ,1,6,0,0.441,0.0372,11644,10822,28336,11451,0.7766
31,University of Arizona,,AZ,1,6,0,0.5264,0.0394,14553,12467,36366,11147,0.7625
32,Northern Arizona University,,AZ,1,6,0,0.6129,0.0331,14326,11564,25828,8207,0.6573
33,Prescott College,,AZ,2,6,0,0.6497,0.0279,20674,31485,31485,5286,0.6935
34,Arizona Christian University,,AZ,2,6,0,0.4326,0.1277,20765,26796,26796,4607,0.2577
35,University of Arkansas at Little Rock,,AR,1,5,0,0.6193,0.2818,12102,9544,21754,7623,0.9709
36,Lyon College,,AR,2,5,0,0.4336,0.0931,17032,28790,28790,6655,1
37,University of Arkansas,,AR,1,5,0,0.5351,0.0413,15642,9130,25168,9866,0.8632
38,University of Arkansas at Pine Bluff,,AR,1,5,1,0.5869,0.9092,10684,8038,14398,5894,0.8069
39,Arkansas State University-Main Campus,,AR,1,5,0,0.5997,0.1309,13605,8607,15297,6902,0.7609
40,Arkansas Tech University,,AR,1,5,0,0.5481,0.0742,12362,7254,12678,6833,1
41,University of Central Arkansas,,AR,1,5,0,0.6042,0.1695,14723,8752,15275,7040,0.7806
42,Central Baptist College,,AR,2,5,0,0.46,0.187,14485,16200,16200,5448,0.2692
43,Crowley's Ridge College,,AR,2,5,0,0.4888,0.0955,13334,13600,13600,4175,0.5
44,Harding University,,AR,2,5,0,0.5383,0.0443,19563,19845,19845,7473,0.8054
45,Henderson State University,,AR,1,5,0,0.5658,0.2076,16583,8530,10180,6703,0.9951
46,Hendrix College,,AR,2,5,0,0.5193,0.0763,21215,45790,45790,7708,1
47,John Brown University,,AR,2,5,0,0.5854,0.0254,22210,26928,26928,7049,0.9848
48,Ouachita Baptist University,,AR,2,5,0,0.5511,0.0796,18881,26790,26790,6418,1
49,University of the Ozarks,,AR,2,5,0,0.507,0.0812,16089,24230,24230,6740,0.7647
50,Philander Smith College,,AR,2,5,1,0.663,0.935,14249,13014,13014,6045,1
51,Williams Baptist University,,AR,2,5,0,0.4283,0.1283,18001,17320,17320,5355,0.9615
52,Southern Arkansas University Main Campus,,AR,1,5,0,0.5489,0.2557,13602,8756,12866,6861,0.6629
53,University of Arkansas-Fort Smith,,AR,1,5,0,0.582,0.0411,10397,5593,12666,6921,0.6499
54,Azusa Pacific University,,CA,2,8,0,0.6541,0.0611,25451,38880,38880,9160,0.4042
55,Biola University,,CA,2,8,0,0.6317,0.0255,31345,40488,40488,9348,1
56,California Baptist University,,CA,2,8,0,0.6225,0.0681,23365,33478,33478,9674,0.3274
57,California Institute of Technology,,CA,2,8,0,0.4536,0.0148,23820,52362,52362,19993,0.9195
58,California Lutheran University,,CA,2,8,0,0.5668,0.0432,27220,42692,42692,9974,1
59,California Polytechnic State University-San Luis Obispo,,CA,1,8,0,0.4835,0.0079,20592,9816,21696,10335,0.6835
60,California State University-Bakersfield,,CA,1,8,0,0.6145,0.0531,5687,7309,19189,9585,0.5124
61,California State University-Stanislaus,,CA,1,8,0,0.6597,0.0223,6174,7072,18952,9475,0.5097
62,California State University-San Bernardino,,CA,1,8,0,0.6058,0.0476,8209,6922,18802,9779,0.4812
63,California State Polytechnic University-Pomona,,CA,1,8,0,0.4654,0.0344,12842,7353,19233,10587,0.4729
64,California State University-Chico,,CA,1,8,0,0.5296,0.027,14453,7608,19488,9723,0.5577
65,California State University-Dominguez Hills,,CA,1,8,0,0.6292,0.1133,3891,6942,18822,9752,0.405
66,California State University-Fresno,,CA,1,8,0,0.589,0.0266,6452,6587,18467,9393,0.5432
67,California State University-Fullerton,,CA,1,8,0,0.5632,0.0183,8234,6886,18766,10201,0.4861
68,California State University-East Bay,,CA,1,8,0,0.6083,0.0999,11435,6983,18863,10210,0.4603
69,California State University-Long Beach,,CA,1,8,0,0.5661,0.0366,8982,6798,18678,10192,0.4856
70,California State University-Los Angeles,,CA,1,8,0,0.5753,0.0334,4175,6749,18629,9827,0.4134
71,California State University-Northridge,,CA,1,8,0,0.5401,0.0471,8243,6893,18773,10090,0.4546
72,California State University-Sacramento,,CA,1,8,0,0.554,0.0597,9722,7310,19190,9804,0.4779
73,University of California-Berkeley,,CA,1,8,0,0.5261,0.0184,14846,14184,43176,17125,0.6663
74,University of California-Davis,,CA,1,8,0,0.6037,0.022,14729,14402,43394,14603,0.866
75,University of California-Irvine,,CA,1,8,0,0.5139,0.0206,14604,13700,42692,15447,0.8146
76,University of California-Los Angeles,,CA,1,8,0,0.5783,0.0342,14171,13226,42218,18392,0.6973
77,University of California-Riverside,,CA,1,8,0,0.5401,0.0391,12743,13827,42819,13408,0.8655
78,University of California-San Diego,,CA,1,8,0,0.4982,0.0161,13318,14167,43159,16373,0.8483
79,University of California-Santa Barbara,,CA,1,8,0,0.5441,0.0207,16236,14391,43383,15994,0.8502
80,University of California-Santa Cruz,,CA,1,8,0,0.484,0.019,17699,13960,42952,14426,0.767
81,California State University Maritime Academy,,CA,1,8,0,0.1663,0.0246,22070,7056,18936,9824,0.7391
82,Chapman University,,CA,2,8,0,0.6089,0.0174,40251,52724,52724,11826,1
83,Concordia University-Irvine,,CA,2,8,0,0.62,0.0482,27220,35400,35400,7215,0.9384
84,San Diego Christian College,,CA,2,8,0,0.4821,0.1004,34499,31404,31404,6748,0.1118
85,Claremont McKenna College,,CA,2,8,0,0.478,0.0417,23889,54405,54405,14628,0.9243
86,Dominican University of California,,CA,2,8,0,0.7563,0.0427,34215,45850,45850,8662,0.3285
87,Fresno Pacific University,,CA,2,8,0,0.7282,0.054,20706,32458,32458,7166,0.906
88,Harvey Mudd College,,CA,2,8,0,0.4898,0.035,32739,56620,56620,13671,0.8594
89,Holy Names University,,CA,2,8,0,0.6534,0.1805,23175,39316,39316,8046,0.2885
90,Humboldt State University,,CA,1,8,0,0.5677,0.037,14897,7675,19555,9602,0.5451
91,Humphreys University-Stockton and Modesto Campuses,,CA,2,8,0,0.6825,0.0921,7139,14292,14292,6775,0.2198
92,American Jewish University,,CA,2,8,0,0.6418,0,38997,31946,31946,7904,1
93,Life Pacific University,,CA,2,8,0,0.5278,0.0476,20060,15654,15654,6300,0.3
94,University of La Verne,,CA,2,8,0,0.5879,0.0549,24750,43050,43050,9264,0.357
95,La Sierra University,,CA,2,8,0,0.6032,0.0714,21442,32778,32778,8000,0.2997
96,The Master's University and Seminary,,CA,2,8,0,0.4684,0.0329,26645,25390,25390,8258,0.2464
97,Loyola Marymount University,,CA,2,8,0,0.5564,0.0705,39898,48522,48522,11733,0.5547
98,Mills College,,CA,2,8,0,0.996,0.1057,22774,30257,30257,10308,0.4611
99,Mount Saint Mary's University,,CA,2,8,0,0.9404,0.0647,29267,41170,41170,8998,0.2916
100,Notre Dame de Namur University,,CA,2,8,0,0.6636,0.0494,25610,35350,35350,9117,0.2228
101,Occidental College,,CA,2,8,0,0.577,0.0518,31842,54686,54686,11293,0.7649
102,Hope International University,,CA,2,8,0,0.572,0.0781,22440,33400,33400,4582,0.2394
103,Pacific Union College,,CA,2,8,0,0.6118,0.0732,21968,30060,30060,6285,0.9348
104,University of the Pacific,,CA,2,8,0,0.5252,0.0322,25973,48164,48164,10587,0.4884
105,Pepperdine University,,CA,2,8,0,0.5922,0.0484,34701,53932,53932,12387,0.6016
106,Pitzer College,,CA,2,8,0,0.5597,0.0578,31590,54056,54056,11104,0.872
107,Point Loma Nazarene University,,CA,2,8,0,0.6476,0.0185,32319,35700,35700,10189,1
108,Pomona College,,CA,2,8,0,0.5145,0.0962,13622,52780,52780,13451,0.9375
109,University of Redlands,,CA,2,8,0,0.581,0.0058,25727,49504,49504,10242,0.9664
110,San Diego State University,,CA,1,8,0,0.5463,0.04,15287,7488,19340,10903,0.5183
111,University of San Diego,,CA,2,8,0,0.5474,0.0356,32576,49358,49358,12284,0.5094
112,San Francisco State University,,CA,1,8,0,0.5562,0.0556,15033,7260,19140,10744,0.4988
113,University of San Francisco,,CA,2,8,0,0.632,0.0422,32782,48066,48066,12379,0.4199
114,William Jessup University,,CA,2,8,0,0.5939,0.0482,22633,33550,33550,6907,0.2385
115,San Jose State University,,CA,1,8,0,0.4924,0.0329,15270,7796,19676,10626,0.4159
116,Santa Clara University,,CA,2,8,0,0.4936,0.0302,37399,51711,51711,12700,0.6376
117,Scripps College,,CA,2,8,0,1,0.0401,33520,55024,55024,11478,0.7717
118,Simpson University,,CA,2,8,0,0.6147,0.0405,24298,30200,30200,6463,1
119,Saint Mary's College of California,,CA,2,8,0,0.5796,0.0385,35622,47280,47280,10813,0.2358
120,Sonoma State University,,CA,1,8,0,0.611,0.0229,16801,7798,19678,10197,0.4707
121,Vanguard University of Southern California,,CA,2,8,0,0.6678,0.0548,20292,33720,33720,8314,1
122,University of Southern California,,CA,2,8,0,0.5115,0.0458,30453,56225,56225,14712,0.5931
123,Thomas Aquinas College,,CA,2,8,0,0.5086,0.0049,24214,25000,25000,8997,0.9821
124,Westmont College,,CA,2,8,0,0.6114,0.015,30719,45304,45304,7816,0.5482
125,Whittier College,,CA,2,8,0,0.5823,0.046,24522,48086,48086,8200,0.6878
126,Woodbury University,,CA,2,8,0,0.5147,0.0333,28351,39790,39790,7541,0.2788
127,University of Colorado Denver/Anschutz Medical Campus,,CO,1,7,0,0.5425,0.0532,15446,9283,25771,10640,0.6516
128,University of Colorado Colorado Springs,,CO,1,7,0,0.5147,0.0402,15812,8523,20067,8322,0.5761
129,University of Colorado Boulder,,CO,1,7,0,0.4463,0.0157,21510,12532,37286,11684,0.6874
130,Colorado Christian University,,CO,2,7,0,0.6979,0.1242,24344,31866,31866,6538,0.1862
131,Colorado College,,CO,2,7,0,0.5543,0.0243,25041,55470,55470,11597,0.8805
132,Colorado School of Mines,,CO,1,7,0,0.3025,0.01,25781,18964,38584,12065,0.9613
133,Colorado State University-Fort Collins,,CO,1,7,0,0.5109,0.0232,19800,11707,29608,10039,0.6901
134,University of Denver,,CO,2,7,0,0.5424,0.0186,28991,50556,50556,10796,0.5606
135,Fort Lewis College,,CO,1,7,0,0.5141,0.0103,16922,9040,19696,7291,0.9711
136,Colorado Mesa University,,CO,1,7,0,0.5348,0.0233,18840,8627,20944,6832,0.5181
137,Metropolitan State University of Denver,,CO,1,7,0,0.531,0.0654,16204,7666,20847,6545,1
138,Naropa University,,CO,2,7,0,0.6724,0.0122,26812,31790,31790,6218,0.3333
139,University of Northern Colorado,,CO,1,7,0,0.6501,0.0438,14230,9918,21786,7785,0.5894
140,Regis University,,CO,2,7,0,0.6001,0.0395,24422,36810,36810,7295,0.4503
141,Colorado State University-Pueblo,,CO,1,7,0,0.5124,0.0647,12556,10408,26329,6887,0.5163
142,Western Colorado University,,CO,1,7,0,0.4052,0.0284,17200,10114,21586,6761,0.763
143,Albertus Magnus College,,CT,2,1,0,0.6694,0.3315,25089,32060,32060,7300,0.2593
144,University of Bridgeport,,CT,2,1,0,0.6439,0.2861,22961,33055,33055,8597,0.2792
145,Central Connecticut State University,,CT,1,1,0,0.4705,0.1235,16288,10616,23124,8965,0.4664
146,Connecticut College,,CT,2,1,0,0.6179,0.0417,32606,54820,54820,9949,0.7088
147,University of Connecticut,,CT,1,1,0,0.509,0.0618,21588,15730,38098,11874,0.6654
148,Eastern Connecticut State University,,CT,1,1,0,0.5777,0.0963,18546,11356,23864,8547,1
149,Fairfield University,,CT,2,1,0,0.6035,0.0227,39676,48350,48350,11364,1
150,University of Hartford,,CT,2,1,0,0.5103,0.1533,29592,40694,40694,7811,0.4063
151,Mitchell College,,CT,2,1,0,0.4337,0.1514,26575,33200,33200,6977,1
152,University of New Haven,,CT,2,1,0,0.539,0.119,32975,39270,39270,10566,0.4041
153,Quinnipiac University,,CT,2,1,0,0.612,0.04,39307,47960,47960,11079,0.3532
154,Sacred Heart University,,CT,2,1,0,0.6519,0.0498,41066,41420,41420,9123,0.3323
155,University of Saint Joseph,,CT,2,1,0,0.874,0.1399,25508,38173,38173,8620,0.9658
156,Southern Connecticut State University,,CT,1,1,0,0.6081,0.1905,19291,10954,23464,8848,0.481
157,Trinity College,,CT,2,1,0,0.4977,0.062,32122,56910,56910,10633,0.7451
158,Wesleyan University,,CT,2,1,0,0.553,0.0592,26291,54944,54944,12420,0.8747
159,Western Connecticut State University,,CT,1,1,0,0.5226,0.0981,19124,10859,23367,8937,1
160,Yale University,,CT,2,1,0,0.5019,0.0753,18770,53430,53430,19093,0.7381
161,Delaware State University,,DE,1,2,1,0.661,0.7392,13789,7868,16904,8272,0.6547
162,University of Delaware,,DE,1,2,0,0.5731,0.0565,16127,13680,34310,12904,0.9838
163,Wesley College,,DE,2,2,0,0.5512,0.4316,22643,26406,26406,5449,0.3679
164,Wilmington University,,DE,2,2,0,0.6489,0.2601,15282,11210,11210,7368,0.0548
165,American University,,DC,2,2,0,0.6262,0.0717,34617,48459,48459,12045,0.5639
166,The Catholic University of America,,DC,2,2,0,0.5334,0.0443,34972,45804,45804,9748,0.5177
167,University of the District of Columbia,,DC,1,2,1,0.5752,0.6042,16482,5888,12416,8428,0.3212
168,Gallaudet University,,DC,2,2,0,0.5432,0.1565,15157,17038,17038,10333,1
169,George Washington University,,DC,2,2,0,0.6087,0.0714,33734,55230,55230,14659,0.5139
170,Georgetown University,,DC,2,2,0,0.5628,0.0674,30169,54104,54104,15382,0.4805
171,Howard University,,DC,2,2,1,0.6925,0.8863,39792,26756,26756,9521,0.7766
172,Trinity Washington University,,DC,2,2,0,0.9743,0.5733,15414,24150,24150,7156,0.2701
173,Barry University,,FL,2,5,0,0.6164,0.3293,17937,30014,30014,8151,0.3209
174,Bethune-Cookman University,,FL,2,5,1,0.6245,0.8044,15372,14814,14814,6523,0.7184
175,Lynn University,,FL,2,5,0,0.4891,0.1094,37274,38210,38210,5486,0.7083
176,University of Central Florida,,FL,1,5,0,0.5453,0.1115,12733,6368,22467,10506,0.9892
177,Eckerd College,,FL,2,5,0,0.6633,0.0297,32575,44540,44540,7937,0.8358
178,Edward Waters College,,FL,2,5,1,0.4659,0.8657,12416,13525,13525,5160,1
179,Embry-Riddle Aeronautical University-Daytona Beach,,FL,2,5,0,0.2257,0.0527,30197,35814,35814,9664,0.8723
180,Florida Agricultural and Mechanical University,,FL,1,5,1,0.6495,0.8837,15341,5785,17725,8011,0.9927
181,Florida Atlantic University,,FL,1,5,0,0.5617,0.1985,9768,4831,17276,9178,0.699
182,Flagler College-St Augustine,,FL,2,5,0,0.6651,0.0379,23182,18950,18950,7534,0.5213
183,Florida Institute of Technology,,FL,2,5,0,0.2855,0.0601,31900,41850,41850,9694,0.9407
184,Florida International University,,FL,1,5,0,0.5622,0.1195,8311,6556,18954,10514,0.981
185,Florida Memorial University,,FL,2,5,1,0.607,0.667,17125,15536,15536,7365,0.7143
186,Florida Southern College,,FL,2,5,0,0.6489,0.0641,26036,36348,36348,8394,0.988
187,Florida State University,,FL,1,5,0,0.565,0.0862,10744,5656,18786,11108,0.8553
188,University of Florida,,FL,1,5,0,0.5619,0.0635,8057,6381,28659,11608,0.8692
189,Jacksonville University,,FL,2,5,0,0.6156,0.2072,21588,36670,36670,7617,0.615
190,University of Miami,,FL,2,5,0,0.5246,0.0844,30841,50226,50226,12367,0.7906
191,University of North Florida,,FL,1,5,0,0.5595,0.0905,10951,6394,20798,8145,0.9603
192,Nova Southeastern University,,FL,2,5,0,0.7109,0.1402,25816,30900,30900,10230,0.3899
193,Palm Beach Atlantic University,,FL,2,5,0,0.6446,0.0879,23881,31450,31450,7612,1
194,Rollins College,,FL,2,5,0,0.599,0.0498,27537,49760,49760,8126,1
195,Saint Leo University,,FL,2,5,0,0.5876,0.3134,19545,23020,23020,8070,0.2348
196,University of South Florida-Main Campus,,FL,1,5,0,0.5458,0.1009,9838,6410,17324,10168,0.7689
197,St. Thomas University,,FL,2,5,0,0.573,0.2819,16833,31830,31830,10159,1
198,Stetson University,,FL,2,5,0,0.5605,0.0813,25978,46030,46030,10053,0.6908
199,Southeastern University,,FL,2,5,0,0.5706,0.1395,24262,25870,25870,8105,1
200,The University of Tampa,,FL,2,5,0,0.5832,0.0473,30579,29208,29208,8978,1
201,Trinity Baptist College,,FL,2,5,0,0.4068,0.2329,16054,12140,12140,3594,1
202,Warner University,,FL,2,5,0,0.4565,0.365,17309,21694,21694,5268,0.2741
203,Webber International University,,FL,2,5,0,0.261,0.3214,23513,26116,26116,4585,0.5676
204,The University of West Florida,,FL,1,5,0,0.5676,0.119,8125,6360,19241,8521,1
205,Agnes Scott College,,GA,2,5,0,1,0.3157,20235,41160,41160,9183,0.649
206,Point University,,GA,2,5,0,0.5267,0.3178,20901,20600,20600,6194,0.2
207,Clark Atlanta University,,GA,2,5,1,0.7509,0.888,33276,22186,22186,7467,0.6149
208,Berry College,,GA,2,5,0,0.61,0.0559,23158,36556,36556,8364,0.8086
209,Brenau University,,GA,2,5,0,0.9064,0.2932,22083,29050,29050,7267,0.5267
210,Brewton-Parker College,,GA,2,5,0,0.4265,0.3319,19677,18240,18240,4805,1
211,Clayton  State University,,GA,1,5,0,0.7053,0.6581,11160,5419,15880,6625,0.663
212,Columbus State University,,GA,1,5,0,0.595,0.3894,12194,6134,16920,6777,0.6205
213,Covenant College,,GA,2,5,0,0.516,0.0319,22234,34330,34330,7233,0.9474
214,Dalton State College,,GA,1,5,0,0.5977,0.0424,6272,4246,12668,5622,0.6905
215,Emmanuel College,,GA,2,5,0,0.4746,0.1574,17950,20292,20292,4977,0.6282
216,Emory University,,GA,2,5,0,0.6001,0.0786,24593,51306,51306,14486,0.7804
217,Fort Valley State University,,GA,1,5,1,0.6025,0.9196,14940,6658,19738,5944,0.7815
218,Georgia Institute of Technology-Main Campus,,GA,1,5,0,0.385,0.0697,14927,12424,33020,12727,0.8955
219,Georgia Southwestern State University,,GA,1,5,0,0.6432,0.2649,13206,5381,15842,6075,0.7318
220,Georgia College & State University,,GA,1,5,0,0.6294,0.0511,20189,9346,28060,6990,0.825
221,Georgia Southern University,,GA,1,5,0,0.5444,0.2534,15795,6356,17142,6684,0.8179
222,Georgia State University,,GA,1,5,0,0.5876,0.4152,14519,9112,23971,8780,0.7421
223,University of Georgia,,GA,1,5,0,0.5677,0.077,13971,11830,30404,11177,0.9056
224,LaGrange College,,GA,2,5,0,0.5245,0.1981,19699,30500,30500,6525,1
225,Mercer University,,GA,2,5,0,0.621,0.2821,20828,36894,36894,8639,0.959
226,Morehouse College,,GA,2,5,1,0.0005,0.9433,40068,27576,27576,6037,0.9747
227,Oglethorpe University,,GA,2,5,0,0.5689,0.2442,21515,38100,38100,6935,1
228,Paine College,,GA,2,5,1,0.5607,0.9161,14607,16096,16096,4738,0.7708
229,Piedmont College,,GA,2,5,0,0.6541,0.1044,17894,25920,25920,6897,0.3742
230,Reinhardt University,,GA,2,5,0,0.4835,0.1761,21020,23300,23300,6149,0.503
231,Savannah State University,,GA,1,5,1,0.5986,0.814,10132,5743,16204,5947,0.9106
232,Shorter University,,GA,2,5,0,0.5838,0.251,19795,22370,22370,4994,0.6642
233,Spelman College,,GA,2,5,1,1,0.9709,40840,29064,29064,8379,0.7052
234,Thomas University,,GA,2,5,0,0.5484,0.1459,20038,16940,16940,5347,0.4104
235,Toccoa Falls College,,GA,2,5,0,0.543,0.0848,21808,22744,22744,5605,0.3478
236,Truett McConnell University,,GA,2,5,0,0.5361,0.0807,17069,20230,20230,4120,1
237,Valdosta State University,,GA,1,5,0,0.6309,0.3892,14278,6410,17196,6651,0.748
238,Wesleyan College,,GA,2,5,0,1,0.3393,12462,23000,23000,6291,1
239,University of West Georgia,,GA,1,5,0,0.6318,0.3934,16234,6288,17074,6431,0.8094
240,Young Harris College,,GA,2,5,0,0.5313,0.097,18195,29067,29067,6281,0.5391
241,Chaminade University of Honolulu,,HI,2,8,0,0.7057,0.0487,23119,25374,25374,8316,1
242,University of Hawaii at Hilo,,HI,1,8,0,0.6505,0.0116,15125,7720,20680,9994,0.7147
243,University of Hawaii at Manoa,,HI,1,8,0,0.5659,0.0148,15286,11970,34002,12163,0.7707
244,Hawaii Pacific University,,HI,2,8,0,0.6006,0.0652,27139,25980,25980,8577,0.4624
245,University of Hawaii-West Oahu,,HI,1,8,0,0.662,0.0201,10519,7512,20472,9619,0.5299
246,Boise State University,,ID,1,7,0,0.5568,0.0168,15020,7694,23776,8091,0.5267
247,Idaho State University,,ID,1,7,0,0.5585,0.0128,16679,7420,22940,7391,0.939
248,University of Idaho,,ID,1,7,0,0.4787,0.0118,14502,7864,25500,9346,0.8619
249,The College of Idaho,,ID,2,7,0,0.5218,0.0202,22697,30155,30155,7029,0.6119
250,Lewis-Clark State College,,ID,1,7,0,0.634,0.009,9988,6618,19236,6213,0.9898
251,Northwest Nazarene University,,ID,2,7,0,0.5962,0.0221,17082,29800,29800,6301,0.9918
252,Brigham Young University-Idaho,,ID,2,7,0,0.5768,0.0052,7632,4118,4118,8587,-99
253,Augustana College,,IL,2,3,0,0.5662,0.0411,23310,42135,42135,7741,0.7574
254,Aurora University,,IL,2,3,0,0.6491,0.0733,17613,24260,24260,8071,0.3038
255,Blackburn College,,IL,2,3,0,0.5989,0.1212,15949,22410,22410,6580,0.6032
256,Bradley University,,IL,2,3,0,0.507,0.0694,24706,33760,33760,9039,0.5918
257,Chicago State University,,IL,1,3,0,0.6937,0.7386,11365,10163,17123,7661,0.9816
258,University of Chicago,,IL,2,3,0,0.4891,0.0518,26160,58230,58230,18469,0.8323
259,Columbia College Chicago,,IL,2,3,0,0.5773,0.1324,30924,27176,27176,8478,0.3062
260,Concordia University-Chicago,,IL,2,3,0,0.5865,0.1265,16403,32078,32078,4038,0.6367
261,DePaul University,,IL,2,3,0,0.5294,0.0786,28410,39975,39975,10916,0.49
262,East-West University,,IL,2,3,0,0.467,0.5076,17683,22050,22050,6963,1
263,Eastern Illinois University,,IL,1,3,0,0.5934,0.2131,13851,11803,14023,8379,0.7903
264,Elmhurst College,,IL,2,3,0,0.6066,0.0468,21304,37055,37055,7950,0.4167
265,Eureka College,,IL,2,3,0,0.4758,0.0862,20848,25390,25390,5679,0.6066
266,Governors State University,,IL,1,3,0,0.6174,0.3938,17050,12196,21586,7003,0.4535
267,Greenville University,,IL,2,3,0,0.4712,0.1535,20613,27130,27130,5618,1
268,University of Illinois at Chicago,,IL,1,3,0,0.5175,0.0791,13301,13764,26980,11151,0.7169
269,Benedictine University,,IL,2,3,0,0.5423,0.0858,24865,34290,34290,8567,0.3514
270,University of Illinois at Urbana-Champaign,,IL,1,3,0,0.4592,0.0604,17302,15094,31664,12525,0.7456
271,Illinois Wesleyan University,,IL,2,3,0,0.5225,0.0617,28356,47636,47636,8305,0.6119
272,Illinois College,,IL,2,3,0,0.5088,0.0989,16625,33090,33090,7085,0.7576
273,Illinois Institute of Technology,,IL,2,3,0,0.3181,0.0516,21917,47646,47646,12396,0.5936
274,Illinois State University,,IL,1,3,0,0.5536,0.0931,21301,14516,26040,8268,0.7707
275,Judson University,,IL,2,3,0,0.5956,0.1181,20498,29860,29860,6413,0.285
276,Knox College,,IL,2,3,0,0.5645,0.0827,21359,46554,46554,7477,0.9344
277,Lake Forest College,,IL,2,3,0,0.5689,0.0498,24923,47064,47064,8654,0.5824
278,Lewis University,,IL,2,3,0,0.5155,0.0555,18531,32450,32450,9299,0.4046
279,Loyola University Chicago,,IL,2,3,0,0.665,0.0546,34024,44048,44048,10639,0.5096
280,MacMurray College,,IL,2,3,0,0.4799,0.0876,14719,27710,27710,5923,0.6061
281,McKendree University,,IL,2,3,0,0.5286,0.1346,19371,30520,30520,6756,1
282,Millikin University,,IL,2,3,0,0.5725,0.1387,20560,35002,35002,6133,0.703
283,Monmouth College,,IL,2,3,0,0.4928,0.0966,17009,37674,37674,6789,0.7647
284,National Louis University,,IL,2,3,0,0.7253,0.2395,14303,10710,10710,6207,0.9883
285,North Central College,,IL,2,3,0,0.5373,0.0443,23599,38880,38880,8298,0.4599
286,North Park University,,IL,2,3,0,0.6162,0.0819,19707,29860,29860,7788,1
287,Northern Illinois University,,IL,1,3,0,0.4996,0.1653,23140,14617,14617,8301,0.7496
288,Northwestern University,,IL,2,3,0,0.5108,0.0594,24840,54568,54568,17189,0.828
289,Northeastern Illinois University,,IL,1,3,0,0.5639,0.1121,19287,11218,20726,8055,0.5627
290,Olivet Nazarene University,,IL,2,3,0,0.5877,0.0813,20007,36070,36070,7296,0.3287
291,Quincy University,,IL,2,3,0,0.4563,0.1114,13869,28562,28562,5574,0.4141
292,Robert Morris University Illinois,,IL,2,3,0,0.4489,0.2747,23010,28050,28050,7425,0.3311
293,Rockford University,,IL,2,3,0,0.5545,0.0988,21436,30930,30930,5729,0.3958
294,Roosevelt University,,IL,2,3,0,0.6559,0.1531,22702,29832,29832,8439,0.3532
295,Dominican University,,IL,2,3,0,0.684,0.0601,17806,33434,33434,8205,0.4536
296,University of St Francis,,IL,2,3,0,0.6648,0.0975,18355,32320,32320,7825,0.8889
297,Saint Xavier University,,IL,2,3,0,0.6357,0.1176,14643,33880,33880,7291,0.3972
298,University of Illinois at Springfield,,IL,1,3,0,0.4889,0.149,11205,11813,21338,7927,0.6319
299,Southern Illinois University-Carbondale,,IL,1,3,0,0.455,0.1498,16843,14704,29160,7652,0.8259
300,Southern Illinois University-Edwardsville,,IL,1,3,0,0.5316,0.1346,13532,12132,12132,8023,0.7254
301,Trinity Christian College,,IL,2,3,0,0.6725,0.0873,22970,30175,30175,7034,0.5
302,Trinity International University-Illinois,,IL,2,3,0,0.4306,0.166,19530,32390,32390,7707,0.3611
303,Western Illinois University,,IL,1,3,0,0.517,0.211,15970,12951,12951,9044,0.8978
304,Wheaton College,,IL,2,3,0,0.5503,0.0283,26180,36420,36420,9269,0.6793
305,Anderson University,,IN,2,3,0,0.6013,0.0661,23209,30450,30450,6318,1
306,Ball State University,,IN,1,3,0,0.5947,0.0842,15020,9896,26468,7514,0.8101
307,Bethel University,,IN,2,3,0,0.6431,0.0981,19496,28590,28590,5711,0.9875
308,Butler University,,IN,2,3,0,0.5921,0.0367,35488,41120,41120,8431,1
309,Calumet College of Saint Joseph,,IN,2,3,0,0.3911,0.2331,10113,19170,19170,5822,0.3182
310,DePauw University,,IN,2,3,0,0.5269,0.0537,23873,49704,49704,9659,0.8676
311,Earlham College,,IN,2,3,0,0.5424,0.078,19478,46450,46450,6431,0.9023
312,University of Evansville,,IN,2,3,0,0.5723,0.0367,22661,36416,36416,8169,0.9545
313,Franklin College,,IN,2,3,0,0.5124,0.0335,21563,32010,32010,6600,0.6803
314,Goshen College,,IN,2,3,0,0.6242,0.0436,18164,33700,33700,5783,0.6176
315,Grace College and Theological Seminary,,IN,2,3,0,0.5987,0.0377,20260,24768,24768,7055,1
316,Hanover College,,IN,2,3,0,0.5496,0.0591,21121,37670,37670,7804,0.8788
317,Holy Cross College,,IN,2,3,0,0.3896,0.0803,24666,30700,30700,5263,0.2667
318,Huntington University,,IN,2,3,0,0.581,0.0265,19938,26158,26158,6507,1
319,Purdue University Fort Wayne,,IN,1,3,0,0.523,0.0656,11404,8450,20288,7643,0.96
320,Indiana University-Purdue University-Indianapolis,,IN,1,3,0,0.5789,0.0911,10987,9465,29821,8512,0.5615
321,University of Indianapolis,,IN,2,3,0,0.6372,0.1043,20261,29688,29688,7501,0.9934
322,Indiana Institute of Technology,,IN,2,3,0,0.3327,0.1726,20285,26900,26900,6964,1
323,University of Southern Indiana,,IN,1,3,0,0.6236,0.0438,12827,8349,19436,7303,1
324,Indiana State University,,IN,1,3,0,0.5575,0.1854,13119,9090,19836,7455,0.7024
325,Indiana University-Kokomo,,IN,1,3,0,0.641,0.0447,8805,7344,19400,6276,0.5093
326,Indiana University-South Bend,,IN,1,3,0,0.6337,0.0832,8859,7344,19400,6405,0.5792
327,Indiana University-Bloomington,,IN,1,3,0,0.4957,0.0456,13428,10681,35456,10467,0.8704
328,Indiana University-Northwest,,IN,1,3,0,0.7033,0.1544,7665,7344,19400,7163,0.5055
329,Indiana University-Southeast,,IN,1,3,0,0.6083,0.0654,9517,7344,19400,6954,0.991
330,Indiana University-East,,IN,1,3,0,0.6427,0.0522,8875,7344,19400,6666,0.4326
331,Manchester University,,IN,2,3,0,0.5304,0.0852,17979,32758,32758,7849,0.859
332,Marian University,,IN,2,3,0,0.6307,0.1051,19937,34000,34000,6761,0.4832
333,Indiana Wesleyan University-Marion,,IN,2,3,0,0.6449,0.0329,19818,26630,26630,6945,1
334,Martin University,,IN,2,3,0,0.7418,0.9385,14095,13200,13200,5018,0.8462
335,University of Notre Dame,,IN,2,3,0,0.4765,0.0378,32096,53391,53391,14355,0.89
336,Oakland City University,,IN,2,3,0,0.4654,0.0746,14850,24000,24000,5603,0.2342
337,University of Saint Francis-Fort Wayne,,IN,2,3,0,0.717,0.0738,17460,30430,30430,6630,0.4627
338,Saint Mary-of-the-Woods College,,IN,2,3,0,0.8642,0.0509,16232,29960,29960,5259,0.3143
339,Saint Mary's College,,IN,2,3,0,1,0.0243,22200,42220,42220,7395,0.6582
340,Taylor University,,IN,2,3,0,0.5418,0.0355,24306,34114,34114,6603,0.6716
341,Trine University,,IN,2,3,0,0.3094,0.0413,24727,32176,32176,7570,0.4291
342,Valparaiso University,,IN,2,3,0,0.5574,0.0555,21635,40260,40260,7612,0.7581
343,Wabash College,,IN,2,3,0,0,0.0568,20549,43650,43650,8698,0.9579
344,Briar Cliff University,,IA,2,4,0,0.5484,0.122,18336,30970,30970,6298,0.7766
345,Buena Vista University,,IA,2,4,0,0.6527,0.0375,20087,34004,34004,6336,0.3666
346,Central College,,IA,2,4,0,0.5009,0.0242,21421,37296,37296,7229,0.9906
347,Clarke University,,IA,2,4,0,0.5869,0.0807,23464,33350,33350,6223,0.5874
348,Coe College,,IA,2,4,0,0.5588,0.0782,20349,44050,44050,6676,1
349,Cornell College,,IA,2,4,0,0.4795,0.0626,27204,42299,42299,7648,1
350,Dordt University,,IA,2,4,0,0.4584,0.0134,24513,30840,30840,6600,0.6103
351,Drake University,,IA,2,4,0,0.582,0.0484,29046,41396,41396,9507,0.6779
352,University of Dubuque,,IA,2,4,0,0.4412,0.1649,23759,34110,34110,6409,1
353,Graceland University-Lamoni,,IA,2,4,0,0.5778,0.0978,18693,29240,29240,6099,1
354,Grand View University,,IA,2,4,0,0.5494,0.0768,19121,27608,27608,6442,0.4118
355,Grinnell College,,IA,2,4,0,0.5455,0.0529,25358,52392,52392,11331,0.8044
356,Iowa State University,,IA,1,4,0,0.4224,0.0267,15140,8988,23392,11173,0.8388
357,Iowa Wesleyan University,,IA,2,4,0,0.5135,0.1582,26702,24600,30500,5912,1
358,University of Iowa,,IA,1,4,0,0.534,0.0302,15893,9267,31233,10160,0.8382
359,Loras College,,IA,2,4,0,0.4555,0.0316,18940,34184,34184,6453,0.719
360,Luther College,,IA,2,4,0,0.5724,0.0213,23792,42290,42290,7537,0.7327
361,Maharishi University of Management,,IA,2,4,0,0.6,0.1098,15093,16530,16530,2983,0.8559
362,Morningside College,,IA,2,4,0,0.5,0.0218,23214,31530,31530,6785,1
363,Mount Mercy University,,IA,2,4,0,0.6875,0.0786,20988,31998,31998,6786,1
364,University of Northern Iowa,,IA,1,4,0,0.5838,0.0277,16244,8938,19480,8277,0.7469
365,Northwestern College,,IA,2,4,0,0.5577,0.0199,23406,31100,31100,6734,1
366,Saint Ambrose University,,IA,2,4,0,0.5526,0.0437,24895,30894,30894,7405,1
367,Simpson College,,IA,2,4,0,0.5309,0.029,23187,39144,39144,6618,0.4537
368,Upper Iowa University,,IA,2,4,0,0.6087,0.202,21526,30450,30450,5915,1
369,Wartburg College,,IA,2,4,0,0.5347,0.0416,22089,41280,41280,6693,1
370,William Penn University,,IA,2,4,0,0.4348,0.236,19767,25600,25600,5571,0.9767
371,Baker University,,KS,2,4,0,0.5689,0.0982,21618,29830,29830,6309,0.1716
372,Benedictine College,,KS,2,4,0,0.5221,0.0309,23767,29530,29530,7009,0.601
373,Bethany College,,KS,2,4,0,0.4059,0.146,29482,27850,27850,4285,0.5455
374,Bethel College-North Newton,,KS,2,4,0,0.5385,0.1538,25213,28540,28540,5551,0.5811
375,Central Christian College of Kansas,,KS,2,4,0,0.4828,0.1868,12131,20350,20350,3741,0.2949
376,Emporia State University,,KS,1,4,0,0.6249,0.0429,14166,6758,20675,6835,0.8847
377,Fort Hays State University,,KS,1,4,0,0.5939,0.0327,12340,5130,15210,6986,0.5431
378,Friends University,,KS,2,4,0,0.5387,0.0822,18065,28415,28415,6792,1
379,University of Kansas,,KS,1,4,0,0.5154,0.0425,18571,11148,27358,10156,0.8369
380,Newman University,,KS,2,4,0,0.6533,0.0522,13417,30750,30750,5805,0.9785
381,Kansas State University,,KS,1,4,0,0.4698,0.0321,18450,10383,25887,9106,0.888
382,Kansas Wesleyan University,,KS,2,4,0,0.4031,0.1308,25302,29500,29500,5553,1
383,McPherson College,,KS,2,4,0,0.3282,0.1257,21871,28951,28951,6153,0.6818
384,MidAmerica Nazarene University,,KS,2,4,0,0.5948,0.1293,20496,29736,29736,6540,0.9762
385,Ottawa University-Ottawa,,KS,2,4,0,0.415,0.1431,25322,30050,30050,6034,0.9767
386,Pittsburg State University,,KS,1,4,0,0.4802,0.0379,13910,7298,18642,7365,0.7306
387,University of Saint Mary,,KS,2,4,0,0.485,0.1202,20798,28810,28810,6256,0.4718
388,Southwestern College,,KS,2,4,0,0.3668,0.1096,23029,30150,30150,5857,1
389,Sterling College,,KS,2,4,0,0.4085,0.1813,19940,26000,26000,4383,0.6
390,Tabor College,,KS,2,4,0,0.4417,0.1133,24394,28260,28260,5171,1
391,Washburn University,,KS,1,4,0,0.6075,0.0638,13683,8312,18560,7594,0.6022
392,Wichita State University,,KS,1,4,0,0.537,0.0604,14876,8270,17452,7873,0.9759
393,Alice Lloyd College,,KY,2,5,0,0.5357,0.0264,13540,11550,11550,4992,0.7778
394,Asbury University,,KY,2,5,0,0.5852,0.0432,27111,30198,30198,6576,0.5183
395,Bellarmine University,,KY,2,5,0,0.6399,0.0486,23223,42200,42200,8025,0.4189
396,Berea College,,KY,2,5,0,0.5748,0.1613,1964,39990,39990,8137,0.8466
397,Brescia University,,KY,2,5,0,0.7211,0.1318,13106,22100,22100,5476,0.4245
398,Campbellsville University,,KY,2,5,0,0.5868,0.1352,17872,25400,25400,5384,0.4371
399,Centre College,,KY,2,5,0,0.5102,0.0533,23053,41700,41700,8327,0.9496
400,University of the Cumberlands,,KY,2,5,0,0.5731,0.0224,17953,23000,23000,5193,0.317
401,Eastern Kentucky University,,KY,1,5,0,0.5725,0.0597,13845,9666,19444,7122,0.5764
402,Georgetown College,,KY,2,5,0,0.5525,0.0968,19186,38650,38650,6249,0.5247
403,Kentucky State University,,KY,1,5,1,0.5783,0.6229,10109,8090,19390,5894,0.8274
404,Kentucky Wesleyan College,,KY,2,5,0,0.4853,0.1277,24623,26160,26160,5235,0.5517
405,University of Kentucky,,KY,1,5,0,0.5548,0.075,18523,12245,29099,10688,0.8551
406,Kentucky Christian University,,KY,2,5,0,0.4143,0.1733,18931,19256,19256,4789,0.3258
407,Lindsey Wilson College,,KY,2,5,0,0.6073,0.0971,15773,24850,24850,5942,0.5685
408,University of Louisville,,KY,1,5,0,0.5197,0.1157,16692,11656,27278,8724,0.598
409,Midway University,,KY,2,5,0,0.7162,0.0714,22128,24750,24750,6515,0.2437
410,Morehead State University,,KY,1,5,0,0.6043,0.0374,12759,9070,13546,6554,0.7683
411,Murray State University,,KY,1,5,0,0.5911,0.0628,12242,9084,24540,6957,0.7882
412,Northern Kentucky University,,KY,1,5,0,0.5706,0.0744,9244,10032,19680,7676,0.9728
413,University of Pikeville,,KY,2,5,0,0.5148,0.1035,17585,20950,20950,6235,0.602
414,Spalding University,,KY,2,5,0,0.6921,0.1759,23596,24500,24500,7393,0.5024
415,Thomas More University,,KY,2,5,0,0.5066,0.0918,17828,31200,31200,6610,0.528
416,Transylvania University,,KY,2,5,0,0.5947,0.0547,24588,38750,38750,7580,0.8
417,Union College,,KY,2,5,0,0.5165,0.1406,21586,27140,27140,4877,1
418,Western Kentucky University,,KY,1,5,0,0.5803,0.0914,12776,10512,26280,7424,0.6473
419,Centenary College of Louisiana,,LA,2,5,0,0.5717,0.1415,25449,36580,36580,7278,0.7671
420,Dillard University,,LA,2,5,1,0.7586,0.8373,17123,17918,17918,6355,0.5798
421,Grambling State University,,LA,1,5,1,0.6036,0.9012,18915,7435,16458,5906,1
422,Louisiana State University-Alexandria,,LA,1,5,0,0.7063,0.1964,7835,6668,14024,6162,0.5949
423,Louisiana State University and Agricultural & Mechanical College,,LA,1,5,0,0.526,0.1254,15428,11950,28627,10192,0.9063
424,Louisiana State University-Shreveport,,LA,1,5,0,0.594,0.2152,9233,7327,20481,7177,0.6816
425,Louisiana College,,LA,2,5,0,0.4711,0.2495,12789,17000,17000,5501,0.5984
426,Louisiana Tech University,,LA,1,5,0,0.4426,0.1304,9839,9645,18558,7893,0.813
427,Loyola University New Orleans,,LA,2,5,0,0.6349,0.1667,20776,39942,39942,8583,0.6304
428,McNeese State University,,LA,1,5,0,0.5917,0.1662,10788,7860,15898,6609,1
429,University of New Orleans,,LA,1,5,0,0.4931,0.179,10541,8771,13607,7979,0.668
430,Nicholls State University,,LA,1,5,0,0.6397,0.1892,11266,7952,9045,6139,1
431,University of Louisiana at Monroe,,LA,1,5,0,0.6529,0.2533,9361,8554,20654,7372,1
432,Northwestern State University of Louisiana,,LA,1,5,0,0.716,0.3168,11049,7922,18710,6311,0.6116
433,University of Holy Cross,,LA,2,5,0,0.8563,0.3013,14368,14180,14180,6866,0.5407
434,Southeastern Louisiana University,,LA,1,5,0,0.6267,0.2177,11910,8165,20643,6854,0.8194
435,Southern University and A & M College,,LA,1,5,1,0.645,0.9303,16579,9122,16472,7149,0.98
436,Southern University at New Orleans,,LA,1,5,1,0.7277,0.7068,7097,7033,15934,5890,0.6908
437,University of Louisiana at Lafayette,,LA,1,5,0,0.5721,0.201,11228,9912,23640,8337,0.7834
438,Tulane University of Louisiana,,LA,2,5,0,0.5913,0.0734,35132,54820,54820,11783,0.6278
439,Xavier University of Louisiana,,LA,2,5,1,0.7505,0.7985,19569,24348,24348,8817,0.8727
440,College of the Atlantic,,ME,2,1,0,0.7554,0.0122,19480,43542,43542,8426,1
441,Bates College,,ME,2,1,0,0.4978,0.0513,26477,53794,53794,11252,0.8655
442,Bowdoin College,,ME,2,1,0,0.5052,0.0805,21300,53922,53922,12120,0.8588
443,Colby College,,ME,2,1,0,0.5245,0.0415,18553,55210,55210,11881,0.9176
444,University of Maine at Augusta,,ME,1,1,0,0.7093,0.0146,10917,7988,17918,7392,0.3525
445,University of Maine at Farmington,,ME,1,1,0,0.6646,0.0244,14249,9118,18598,7105,0.6919
446,University of Maine at Fort Kent,,ME,1,1,0,0.7299,0.0426,12107,8115,12315,6700,0.369
447,University of Maine at Machias,,ME,1,1,0,0.6979,0.025,8454,7830,15100,6725,0.459
448,University of Maine,,ME,1,1,0,0.4662,0.0196,16388,11170,30970,9486,0.699
449,Maine Maritime Academy,,ME,1,1,0,0.1573,0.0133,22764,13478,27098,11806,0.75
450,University of Maine at Presque Isle,,ME,1,1,0,0.6308,0.0442,10405,8035,12235,6717,0.4615
451,University of New England,,ME,2,1,0,0.6974,0.0122,33729,37620,37620,8888,0.5169
452,Saint Joseph's College of Maine,,ME,2,1,0,0.6466,0.0163,26405,35650,35650,6196,0.987
453,University of Southern Maine,,ME,1,1,0,0.5838,0.0663,12180,8918,21294,8795,0.336
454,Thomas College,,ME,2,1,0,0.484,0.0358,21411,26900,26900,6673,0.5625
455,Unity College,,ME,2,1,0,0.5163,0.0041,26463,29160,29160,6046,0.4773
456,University of Baltimore,,MD,1,2,0,0.5929,0.473,21373,8958,21076,10286,0.4952
457,Bowie State University,,MD,1,2,1,0.6144,0.8286,16510,8234,18874,8399,0.5025
458,Washington Adventist University,,MD,2,2,0,0.64,0.4976,16729,23900,23900,5463,0.3788
459,Coppin State University,,MD,1,2,1,0.7803,0.8074,10422,8873,15144,7629,0.4762
460,Frostburg State University,,MD,1,2,0,0.5171,0.3308,14656,9172,22892,7059,0.6605
461,Goucher College,,MD,2,2,0,0.6783,0.1779,25537,44300,44300,8355,0.7485
462,Hood College,,MD,2,2,0,0.6312,0.1816,22064,39492,39492,7624,0.4719
463,Johns Hopkins University,,MD,2,2,0,0.5137,0.071,30701,53740,53740,13332,0.9748
464,Loyola University Maryland,,MD,2,2,0,0.5834,0.057,39168,48920,48920,8880,0.9613
465,University of Maryland-Baltimore County,,MD,1,2,0,0.4438,0.1834,18706,11778,26872,9869,0.6915
466,University of Maryland-College Park,,MD,1,2,0,0.4685,0.1164,18457,10595,35216,13045,0.7799
467,University of Maryland Eastern Shore,,MD,1,2,1,0.5583,0.7076,17745,8302,18508,8202,0.7264
468,Morgan State University,,MD,1,2,1,0.5458,0.7981,16991,7900,18167,8742,0.6872
469,Mount St. Mary's University,,MD,2,2,0,0.5154,0.1597,28060,41350,41350,7766,0.9928
470,Notre Dame of Maryland University,,MD,2,2,0,0.9569,0.291,29444,36900,36900,7023,0.4694
471,Salisbury University,,MD,1,2,0,0.5617,0.1378,17686,9824,19526,8015,0.6633
472,St. Mary's College of Maryland,,MD,1,2,0,0.5787,0.0917,20637,14806,30568,7402,0.7353
473,St. John's College,,MD,2,2,0,0.4768,0.019,23921,53343,53343,9699,1
474,Towson University,,MD,1,2,0,0.5954,0.2289,18186,9940,23208,7347,0.5256
475,Stevenson University,,MD,2,2,0,0.6453,0.2569,26099,36242,36242,8250,0.3243
476,Washington College,,MD,2,2,0,0.5894,0.0939,26718,46978,46978,7989,0.7229
477,McDaniel College,,MD,2,2,0,0.5097,0.1654,22302,43260,43260,7064,0.2259
478,American International College,,MA,2,1,0,0.632,0.2211,21848,35680,35680,7017,0.1733
479,Amherst College,,MA,2,1,0,0.5046,0.1073,25208,56426,56426,12975,0.9158
480,Anna Maria College,,MA,2,1,0,0.5252,0.1415,25502,37860,37860,6468,0.2081
481,Assumption College,,MA,2,1,0,0.575,0.0511,29660,40958,40958,8506,0.4932
482,Bay Path University,,MA,2,1,0,1,0.1468,20485,34225,34225,7844,0.2148
483,Becker College,,MA,2,1,0,0.5704,0.0783,31804,39200,39200,7972,0.2743
484,Bentley University,,MA,2,1,0,0.4012,0.0373,36919,49880,49880,14104,0.6551
485,Boston College,,MA,2,1,0,0.526,0.0408,33562,55464,55464,15323,0.6477
486,Boston University,,MA,2,1,0,0.6005,0.0412,30729,53948,53948,14136,0.7021
487,Brandeis University,,MA,2,1,0,0.6057,0.0527,37688,55395,55395,13176,0.6805
488,Bridgewater State University,,MA,1,1,0,0.5874,0.1136,17765,10367,16507,9176,1
489,Cambridge College,,MA,2,1,0,0.7319,0.3043,22462,15588,15588,7677,1
490,Clark University,,MA,2,1,0,0.6101,0.04,28455,45730,45730,10859,1
491,Curry College,,MA,2,1,0,0.5811,0.1183,30293,40070,40070,10005,0.3541
492,Eastern Nazarene College,,MA,2,1,0,0.5334,0.2128,24149,25598,25598,5684,0.3026
493,Emerson College,,MA,2,1,0,0.601,0.0317,43668,46852,46852,10202,0.4488
494,Emmanuel College,,MA,2,1,0,0.75,0.0668,31203,39804,39804,9049,0.4724
495,Endicott College,,MA,2,1,0,0.6225,0.0162,34861,33050,33050,8764,0.2766
496,Fisher College,,MA,2,1,0,0.6654,0.1118,24472,31384,31384,6910,0.2126
497,Fitchburg State University,,MA,1,1,0,0.5302,0.1084,16647,10354,16434,9127,0.5267
498,Framingham State University,,MA,1,1,0,0.5818,0.1201,19064,10520,16600,8888,0.622
499,Gordon College,,MA,2,1,0,0.6321,0.0465,26369,37400,37400,7046,0.8819
500,Hampshire College,,MA,2,1,0,0.6162,0.0783,28173,51668,51668,9404,0.7724
501,Harvard University,,MA,2,1,0,0.4887,0.0803,15561,50420,50420,20484,0.8649
502,College of the Holy Cross,,MA,2,1,0,0.5142,0.0446,35692,52770,52770,11320,0.8792
503,Lasell University,,MA,2,1,0,0.6388,0.0752,26185,36000,36000,8241,0.3473
504,Lesley University,,MA,2,1,0,0.796,0.0754,32289,27975,27975,8681,0.2344
505,University of Massachusetts-Lowell,,MA,1,1,0,0.3854,0.0637,18882,15180,32827,11606,0.5873
506,University of Massachusetts-Amherst,,MA,1,1,0,0.499,0.0456,21396,15887,34570,12254,0.7927
507,University of Massachusetts-Boston,,MA,1,1,0,0.5417,0.1714,13369,14167,33966,10730,0.6219
508,Massachusetts Institute of Technology,,MA,2,1,0,0.4677,0.0615,18278,51832,51832,18852,0.9865
509,Massachusetts Maritime Academy,,MA,1,1,0,0.1258,0.0103,20294,9728,26106,9674,0.6286
510,Merrimack College,,MA,2,1,0,0.5049,0.0323,33230,41760,41760,8821,0.4817
511,Mount Holyoke College,,MA,2,1,0,1,0.0452,25937,49998,49998,10739,0.8831
512,Massachusetts College of Liberal Arts,,MA,1,1,0,0.6175,0.0849,17914,10559,19504,8772,0.5287
513,Northeastern University,,MA,2,1,0,0.514,0.0387,31855,51522,51522,13158,0.7429
514,College of Our Lady of the Elms,,MA,2,1,0,0.7569,0.1012,22803,35788,35788,6671,0.2996
515,Pine Manor College,,MA,2,1,0,0.4859,0.3173,15896,31660,31660,6099,0.375
516,Salem State University,,MA,1,1,0,0.6238,0.098,19265,10642,17082,8969,0.9823
517,Simmons University,,MA,2,1,0,0.9961,0.0704,28568,40850,40850,8124,0.1658
518,Smith College,,MA,2,1,0,1,0.0665,28193,52404,52404,11672,0.7924
519,Springfield College,,MA,2,1,0,0.4936,0.058,28387,37444,37444,8013,1
520,University of Massachusetts-Dartmouth,,MA,1,1,0,0.4888,0.1636,19516,13921,29141,10873,0.6967
521,Stonehill College,,MA,2,1,0,0.5968,0.0388,34380,42746,42746,9533,0.6288
522,Suffolk University,,MA,2,1,0,0.5503,0.0523,30469,38566,38566,12064,0.5417
523,Tufts University,,MA,2,1,0,0.521,0.0427,31485,56382,56382,12396,0.6399
524,Wellesley College,,MA,2,1,0,1,0.0652,22247,53732,53732,12404,0.7724
525,Wentworth Institute of Technology,,MA,2,1,0,0.2085,0.0595,34369,33950,33950,8743,1
526,Western New England University,,MA,2,1,0,0.3722,0.043,29941,36804,36804,9385,0.6989
527,Westfield State University,,MA,1,1,0,0.5499,0.0477,18131,10429,16509,9443,0.4508
528,Wheaton College,,MA,2,1,0,0.608,0.0543,29053,52626,52626,9359,0.6818
529,Williams College,,MA,2,1,0,0.4813,0.0819,21239,55450,55450,12715,0.8644
530,Worcester Polytechnic Institute,,MA,2,1,0,0.3815,0.03,41390,50530,50530,12477,0.8234
531,Worcester State University,,MA,1,1,0,0.5981,0.0879,18580,10161,16241,8832,0.4549
532,Adrian College,,MI,2,3,0,0.4745,0.0685,26402,37087,37087,8097,0.5076
533,Albion College,,MI,2,3,0,0.541,0.1508,15413,45590,45590,7552,0.7742
534,Alma College,,MI,2,3,0,0.5845,0.033,21985,40258,40258,7500,0.7122
535,Andrews University,,MI,2,3,0,0.5607,0.191,20399,29288,29288,4951,0.9724
536,Aquinas College,,MI,2,3,0,0.6036,0.0364,17401,32574,32574,6336,0.4466
537,Calvin University,,MI,2,3,0,0.5324,0.0355,25017,34600,34600,8651,1
538,Central Michigan University,,MI,1,3,0,0.5759,0.0956,15677,12960,24120,9350,0.7235
539,Davenport University,,MI,2,3,0,0.5552,0.1159,17670,18414,18414,6748,0.2132
540,University of Detroit Mercy,,MI,2,3,0,0.6256,0.1282,20415,28000,28000,9435,1
541,Eastern Michigan University,,MI,1,3,0,0.6014,0.1801,15394,12508,12508,9744,0.9848
542,Ferris State University,,MI,1,3,0,0.5149,0.081,13008,11788,11788,9084,0.6915
543,Kettering University,,MI,2,3,0,0.1972,0.0231,38117,43490,43490,8604,1
544,Cornerstone University,,MI,2,3,0,0.6176,0.0897,20554,24500,24500,5954,0.9839
545,Grand Valley State University,,MI,1,3,0,0.5942,0.0469,18019,12484,17762,8902,0.6676
546,Hope College,,MI,2,3,0,0.6228,0.0259,25814,34010,34010,8367,0.6739
547,Kalamazoo College,,MI,2,3,0,0.5726,0.0761,23667,48666,48666,7116,0.8056
548,Lake Superior State University,,MI,1,3,0,0.5174,0.0128,11043,11895,11895,6494,0.9259
549,Lawrence Technological University,,MI,2,3,0,0.2622,0.0844,30001,33570,33570,7789,0.3627
550,Madonna University,,MI,2,3,0,0.6724,0.1194,16316,21900,21900,7377,0.3046
551,Rochester University,,MI,2,3,0,0.6185,0.1852,15971,23282,23282,5861,0.8837
552,University of Michigan-Ann Arbor,,MI,1,3,0,0.4974,0.0427,16010,15262,49350,11622,0.8243
553,Michigan State University,,MI,1,3,0,0.507,0.0747,18984,14460,39766,11802,0.8807
554,Michigan Technological University,,MI,1,3,0,0.2735,0.0101,15348,15646,33726,10344,0.9084
555,University of Michigan-Dearborn,,MI,1,3,0,0.4593,0.0836,11208,12930,25158,10195,0.6556
556,University of Michigan-Flint,,MI,1,3,0,0.6146,0.1308,13352,11304,22065,9077,0.537
557,Northern Michigan University,,MI,1,3,0,0.5521,0.0201,14690,10729,16225,8387,0.7215
558,Oakland University,,MI,1,3,0,0.5631,0.077,11560,12606,24230,9452,0.5289
559,Olivet College,,MI,2,3,0,0.4239,0.2039,19846,27680,27680,6064,1
560,Kuyper College,,MI,2,3,0,0.6139,0.0253,19531,21989,21989,5498,0.4815
561,Saginaw Valley State University,,MI,1,3,0,0.5971,0.0795,15375,10308,24215,8280,0.5484
562,Siena Heights University,,MI,2,3,0,0.5789,0.1096,20989,27124,27124,6222,0.9894
563,Spring Arbor University,,MI,2,3,0,0.6822,0.1149,19599,28810,28810,5546,0.2914
564,Finlandia University,,MI,2,3,0,0.4889,0.0494,22518,22758,22758,5204,1
565,Wayne State University,,MI,1,3,0,0.5661,0.1615,14226,13097,27991,10622,0.5609
566,Western Michigan University,,MI,1,3,0,0.485,0.1156,19119,12483,15373,9972,0.6268
567,Augsburg University,,MN,2,4,0,0.5387,0.1592,23498,38800,38800,7732,0.4654
568,Bemidji State University,,MN,1,4,0,0.5655,0.0244,15624,8696,8696,8665,0.6436
569,Bethany Lutheran College,,MN,2,4,0,0.5175,0.0301,16749,27780,27780,6554,0.5857
570,Bethel University,,MN,2,4,0,0.6232,0.0485,25604,37300,37300,7705,0.471
571,Carleton College,,MN,2,4,0,0.5049,0.0479,30210,54759,54759,12124,0.8623
572,Concordia College at Moorhead,,MN,2,4,0,0.5764,0.0234,22573,39878,39878,7494,0.7362
573,Concordia University-Saint Paul,,MN,2,4,0,0.5902,0.1149,16819,22275,22275,4772,0.3697
574,Gustavus Adolphus College,,MN,2,4,0,0.5841,0.0301,21853,45400,45400,7411,0.8065
575,Hamline University,,MN,2,4,0,0.6206,0.0896,20492,41290,41290,7673,0.4567
576,Macalester College,,MN,2,4,0,0.5949,0.0343,25783,54344,54344,10623,0.779
577,Minnesota State University-Mankato,,MN,1,4,0,0.5256,0.0517,16035,8184,16235,9440,0.6655
578,Metropolitan State University,,MN,1,4,0,0.5845,0.2098,15549,7879,14980,9464,0.2456
579,University of Minnesota-Twin Cities,,MN,1,4,0,0.5307,0.05,17479,14760,30438,11927,0.8262
580,University of Minnesota-Crookston,,MN,1,4,0,0.5262,0.0627,11410,11822,11822,7471,0.9149
581,University of Minnesota-Duluth,,MN,1,4,0,0.4704,0.0224,17319,13366,18484,8441,0.8196
582,University of Minnesota-Morris,,MN,1,4,0,0.5685,0.0188,10572,13314,15342,7268,0.9423
583,Minnesota State University Moorhead,,MN,1,4,0,0.6065,0.0376,16944,8496,15906,9115,0.6452
584,North Central University,,MN,2,4,0,0.5451,0.051,21314,24240,24240,6679,0.4205
585,University of Northwestern-St Paul,,MN,2,4,0,0.5908,0.0358,22901,31540,31540,6455,1
586,College of Saint Benedict,,MN,2,4,0,1,0.0253,26332,45264,45264,8512,0.8448
587,Saint Cloud State University,,MN,1,4,0,0.5105,0.0866,14449,8265,16499,9802,0.6429
588,Saint Johns University,,MN,2,4,0,0,0.0456,25009,44990,44990,8522,0.8447
589,Saint Mary's University of Minnesota,,MN,2,4,0,0.5699,0.0873,19888,35110,35110,6899,0.2341
590,St Olaf College,,MN,2,4,0,0.5728,0.0255,23386,47840,47840,8726,0.7088
591,Crown College,,MN,2,4,0,0.5047,0.1019,24050,26200,26200,4993,0.3113
592,The College of Saint Scholastica,,MN,2,4,0,0.7127,0.0317,23232,37212,37212,7050,0.5253
593,University of St Thomas,,MN,2,4,0,0.4675,0.0328,28904,42736,42736,10549,0.5247
594,St Catherine University,,MN,2,4,0,0.9574,0.1028,19131,39554,39554,7233,0.519
595,Southwest Minnesota State University,,MN,1,4,0,0.5885,0.0653,14435,8612,8612,9309,0.4609
596,Winona State University,,MN,1,4,0,0.6388,0.0305,17399,9425,15348,9116,0.6509
597,Alcorn State University,,MS,1,5,1,0.641,0.9137,14352,7084,7084,6796,0.7709
598,Belhaven University,,MS,2,5,0,0.655,0.4176,18460,25300,25300,4870,1
599,Blue Mountain College,,MS,2,5,0,0.5291,0.1068,12120,12584,12584,5236,0.6842
600,Delta State University,,MS,1,5,0,0.5646,0.312,12914,7246,7246,6490,0.6
601,Jackson State University,,MS,1,5,1,0.6422,0.9197,13492,8051,19279,7260,0.6814
602,Millsaps College,,MS,2,5,0,0.5195,0.2018,23390,39910,39910,8205,0.7913
603,University of Mississippi,,MS,1,5,0,0.5646,0.1233,13857,8660,24614,9217,0.8396
604,Mississippi University for Women,,MS,1,5,0,0.8166,0.3895,11152,6940,6940,6212,0.674
605,Mississippi Valley State University,,MS,1,5,1,0.572,0.8969,15874,6550,6550,5798,0.6389
606,Mississippi College,,MS,2,5,0,0.6324,0.1973,17192,18026,18026,7603,0.5335
607,Mississippi State University,,MS,1,5,0,0.4997,0.1906,16830,8650,23250,8789,0.8598
608,Rust College,,MS,2,5,1,0.5898,0.9362,10364,9900,9900,4567,0.9149
609,University of Southern Mississippi,,MS,1,5,0,0.6312,0.2881,14126,8624,10624,7711,0.9848
610,Tougaloo College,,MS,2,5,1,0.6857,0.9764,14262,10600,10600,4755,0.7407
611,William Carey University,,MS,2,5,0,0.6468,0.2854,18905,12600,12600,6419,0.4631
612,Avila University,,MO,2,4,0,0.5903,0.2259,19174,19900,19900,6426,0.3581
613,Central Methodist University-College of Liberal Arts and Sciences,,MO,2,4,0,0.5301,0.0915,19764,24420,24420,6323,1
614,University of Central Missouri,,MO,1,4,0,0.5476,0.1033,13384,7673,14442,7319,1
615,Columbia College,,MO,2,4,0,0.568,0.2279,24148,22704,22704,7852,1
616,Culver-Stockton College,,MO,2,4,0,0.4882,0.1333,20231,26680,26680,5828,0.55
617,Drury University,,MO,2,4,0,0.5747,0.0296,18595,28515,28515,6629,1
618,Evangel University,,MO,2,4,0,0.5581,0.0404,22289,23421,23421,6548,0.5438
619,Fontbonne University,,MO,2,4,0,0.6084,0.1635,21406,26340,26340,6930,0.3838
620,Hannibal-LaGrange University,,MO,2,4,0,0.5968,0.0458,21189,22750,22750,4730,1
621,Harris-Stowe State University,,MO,1,4,1,0.6659,0.8239,11256,5388,10020,3864,0.2157
622,Lincoln University,,MO,1,4,1,0.5913,0.573,11252,7632,14172,5788,0.7059
623,Lindenwood University,,MO,2,4,0,0.5393,0.1322,18264,17600,17600,7552,1
624,Maryville University of Saint Louis,,MO,2,4,0,0.6564,0.0986,25045,28470,28470,8278,0.1893
625,Missouri Baptist University,,MO,2,4,0,0.5908,0.1238,20708,27124,27124,5998,0.2291
626,Missouri Southern State University,,MO,1,4,0,0.6105,0.0648,9635,6503,13005,5857,0.912
627,Missouri Valley College,,MO,2,4,0,0.4104,0.1819,19055,20600,20600,4462,0.6181
628,Missouri Western State University,,MO,1,4,0,0.6038,0.1112,10607,7960,13835,6791,0.609
629,University of Missouri-Columbia,,MO,1,4,0,0.5247,0.0765,18480,9972,27042,9636,0.7199
630,University of Missouri-Kansas City,,MO,1,4,0,0.5706,0.12,14273,8178,20207,9041,0.6512
631,Missouri University of Science and Technology,,MO,1,4,0,0.2386,0.0302,14205,9440,26461,10628,0.7733
632,University of Missouri-St Louis,,MO,1,4,0,0.5436,0.1676,10880,9792,26040,8675,0.5506
633,Truman State University,,MO,1,4,0,0.5891,0.0408,12119,7749,14601,7296,0.8776
634,Northwest Missouri State University,,MO,1,4,0,0.5679,0.0564,12207,7844,13166,7153,0.8125
635,College of the Ozarks,,MO,2,4,0,0.5536,0.0058,9380,19360,19360,7302,0.7176
636,Park University,,MO,2,4,0,0.448,0.1951,16185,11572,11572,6731,0.1146
637,Rockhurst University,,MO,2,4,0,0.5826,0.0602,21973,37590,37590,7257,0.5696
638,Saint Louis University,,MO,2,4,0,0.6023,0.0559,27861,43884,43884,10385,0.6275
639,Southwest Baptist University,,MO,2,4,0,0.6486,0.0508,16532,24078,24078,5801,0.484
640,Stephens College,,MO,2,4,0,0.9945,0.1423,23231,30950,30950,6797,0.8776
641,Southeast Missouri State University,,MO,1,4,0,0.5797,0.0924,13113,7418,13155,7066,1
642,Missouri State University-Springfield,,MO,1,4,0,0.5803,0.0452,16526,7376,15326,7426,0.6805
643,Washington University in St Louis,,MO,2,4,0,0.5319,0.0901,27427,53399,53399,14960,0.6838
644,Webster University,,MO,2,4,0,0.5494,0.1518,22206,27900,27900,8686,1
645,Westminster College,,MO,2,4,0,0.4438,0.0772,21674,27600,27600,6533,0.6512
646,William Jewell College,,MO,2,4,0,0.5467,0.0498,22556,34400,34400,6752,0.5645
647,William Woods University,,MO,2,4,0,0.7278,0.0394,21098,24110,24110,5314,0.251
648,Carroll College,,MT,2,7,0,0.5826,0.0066,25674,35486,35486,6436,0.6214
649,Montana State University Billings,,MT,1,7,0,0.6434,0.0111,14005,5928,19246,6502,0.5163
650,University of Providence,,MT,2,7,0,0.661,0.0445,20355,25168,25168,5795,0.5588
651,Montana Technological University,,MT,1,7,0,0.3489,0.0114,13886,7412,22575,7534,0.7685
652,Montana State University,,MT,1,7,0,0.4579,0.0054,18036,7277,24993,8875,0.6125
653,The University of Montana,,MT,1,7,0,0.5543,0.0104,15353,7244,24959,7817,0.6968
654,Montana State University-Northern,,MT,1,7,0,0.4351,0.0216,13024,5955,18665,5409,1
655,Rocky Mountain College,,MT,2,7,0,0.4926,0.0296,17874,28572,28572,6500,0.8987
656,The University of Montana-Western,,MT,1,7,0,0.6275,0.0084,12907,5717,17179,6511,0.703
657,Bellevue University,,NE,2,4,0,0.5335,0.1178,12055,7827,7827,5651,0.1276
658,Chadron State College,,NE,1,4,0,0.5697,0.0354,14234,7384,7414,7263,1
659,Concordia University-Nebraska,,NE,2,4,0,0.5292,0.0213,20331,32220,32220,4805,0.9859
660,Creighton University,,NE,2,4,0,0.5725,0.0234,29994,39916,39916,9645,0.6531
661,Doane University,,NE,2,4,0,0.4471,0.0279,24555,33800,33800,6840,0.635
662,Hastings College,,NE,2,4,0,0.501,0.0478,22107,30050,30050,6570,1
663,University of Nebraska at Kearney,,NE,1,4,0,0.5894,0.0229,16603,7512,13742,7561,0.7215
664,Midland University,,NE,2,4,0,0.462,0.066,22506,32598,32598,6006,1
665,University of Nebraska at Omaha,,NE,1,4,0,0.5303,0.0638,13511,7790,20764,8377,0.4954
666,Nebraska Wesleyan University,,NE,2,4,0,0.5992,0.0294,23259,34202,34202,6778,0.3549
667,University of Nebraska-Lincoln,,NE,1,4,0,0.4713,0.027,18086,9242,25038,10936,0.9465
668,Peru State College,,NE,1,4,0,0.5816,0.0899,14823,7512,7512,6932,1
669,College of Saint Mary,,NE,2,4,0,1,0.0827,14725,20350,20350,6610,0.973
670,Union College,,NE,2,4,0,0.592,0.079,22595,23780,23780,5664,0.9437
671,Wayne State College,,NE,1,4,0,0.5617,0.0374,13454,7172,12602,7397,0.5198
672,York College,,NE,2,4,0,0.4773,0.1237,16107,19310,19310,5187,0.5614
673,University of Nevada-Las Vegas,,NV,1,8,0,0.565,0.0764,10551,7985,23132,10778,0.9581
674,University of Nevada-Reno,,NV,1,8,0,0.5227,0.0324,14122,7599,22236,10193,0.9508
675,Sierra Nevada College,,NV,2,8,0,0.461,0.0353,24737,34241,34241,5379,0.2278
676,Colby-Sawyer College,,NH,2,1,0,0.6921,0.0541,26950,42398,42398,7196,1
677,Dartmouth College,,NH,2,1,0,0.4914,0.0603,31449,55453,55453,15278,0.7969
678,Franklin Pierce University,,NH,2,1,0,0.5482,0.083,30134,36900,36900,5894,0.2827
679,Magdalen College,,NH,2,1,0,0.5513,0,9930,24000,24000,4817,0.3125
680,New England College,,NH,2,1,0,0.5778,0.2417,27674,37914,37914,6561,0.267
681,Southern New Hampshire University,,NH,2,1,0,0.6444,0.1609,40334,31136,31136,8058,1
682,University of New Hampshire-Main Campus,,NH,1,1,0,0.5473,0.0111,22909,18499,33879,11893,0.6672
683,Keene State College,,NH,1,1,0,0.5509,0.0167,18192,14212,23176,9266,0.5
684,Plymouth State University,,NH,1,1,0,0.5011,0.0249,20876,14099,22769,8601,0.4873
685,Rivier University,,NH,2,1,0,0.7951,0.0363,25490,32140,32140,7350,0.2689
686,Saint Anselm College,,NH,2,1,0,0.6071,0.0169,32023,41200,41200,8902,0.6889
687,Granite State College,,NH,1,1,0,0.7027,0.0301,13604,7761,8745,5276,0.092
688,Thomas More College of Liberal Arts,,NH,2,1,0,0.5778,0,16226,21600,21600,5888,1
689,Bloomfield College,,NJ,2,2,0,0.6241,0.4892,20951,29950,29950,8606,1
690,Caldwell University,,NJ,2,2,0,0.6634,0.1372,22967,34715,34715,7941,1
691,Centenary University,,NJ,2,2,0,0.639,0.1249,20117,32998,32998,7474,1
692,Drew University,,NJ,2,2,0,0.5961,0.0739,26359,39800,39800,9035,0.6098
693,Fairleigh Dickinson University-Metropolitan Campus,,NJ,2,2,0,0.5738,0.0986,13339,40732,40732,9215,0.2669
694,Felician University,,NJ,2,2,0,0.705,0.2072,17362,34320,34320,6623,0.4028
695,Georgian Court University,,NJ,2,2,0,0.7332,0.0991,22344,32976,32976,8466,0.3427
696,Rowan University,,NJ,1,2,0,0.4494,0.0998,25529,13697,22339,8693,0.4923
697,New Jersey City University,,NJ,1,2,0,0.5916,0.233,12841,12052,21574,10544,1
698,Kean University,,NJ,1,2,0,0.5975,0.2064,18547,12348,19383,8636,0.2621
699,Monmouth University,,NJ,2,2,0,0.5754,0.0477,29632,38138,38138,9090,1
700,Montclair State University,,NJ,1,2,0,0.6087,0.1348,19949,12790,20578,10177,0.3515
701,New Jersey Institute of Technology,,NJ,1,2,0,0.2288,0.0795,18696,17338,32750,12544,0.5578
702,Princeton University,,NJ,2,2,0,0.4893,0.0779,9749,50340,50340,20185,0.8436
703,Ramapo College of New Jersey,,NJ,1,2,0,0.5466,0.0538,20216,14374,23715,10507,1
704,Rider University,,NJ,2,2,0,0.5778,0.13,28387,42860,42860,11079,0.4351
705,Rutgers University-New Brunswick,,NJ,1,2,0,0.5038,0.0694,20623,14974,31282,11843,0.5485
706,Saint Peter's University,,NJ,2,2,0,0.6354,0.2122,12412,37486,37486,8696,0.3383
707,Seton Hall University,,NJ,2,2,0,0.5347,0.0796,28903,42170,42170,9807,0.9353
708,College of Saint Elizabeth,,NJ,2,2,0,0.755,0.3409,19575,33596,33596,7096,0.288
709,Stevens Institute of Technology,,NJ,2,2,0,0.2936,0.0219,37598,52202,52202,13258,1
710,Stockton University,,NJ,1,2,0,0.5831,0.0838,20399,13739,20866,9478,0.5135
711,The College of New Jersey,,NJ,1,2,0,0.5744,0.0601,27026,16551,28266,10414,0.4394
712,William Paterson University of New Jersey,,NJ,1,2,0,0.5522,0.1855,16259,13060,21260,11200,0.8682
713,Eastern New Mexico University-Main Campus,,NM,1,6,0,0.5805,0.0598,10325,6326,8247,6959,0.6729
714,New Mexico Highlands University,,NM,1,6,0,0.6271,0.0568,10072,6150,10302,6473,0.9026
715,New Mexico Institute of Mining and Technology,,NM,1,6,0,0.2776,0.0158,14236,7770,22268,8435,0.6147
716,University of New Mexico-Main Campus,,NM,1,6,0,0.562,0.0241,14329,7633,22586,9057,0.7043
717,New Mexico State University-Main Campus,,NM,1,6,0,0.5501,0.0249,7867,6686,21770,8707,0.742
718,University of the Southwest,,NM,2,6,0,0.3822,0.1394,16748,16200,16200,5487,1
719,Western New Mexico University,,NM,1,6,0,0.6582,0.0708,13178,6066,13539,6018,0.4306
720,Adelphi University,,NY,2,2,0,0.6872,0.088,29004,38740,38740,12371,0.3284
721,Alfred University,,NY,2,2,0,0.489,0.1138,19289,29188,29188,6490,0.7931
722,Bard College,,NY,2,2,0,0.59,0.0652,25885,54680,54680,11235,0.5818
723,Barnard College,,NY,2,2,0,1,0.0575,29184,55032,55032,13839,0.6751
724,Boricua College,,NY,2,2,0,0.8044,0.1956,17158,11025,11025,4368,0.4255
725,Canisius College,,NY,2,2,0,0.4838,0.0895,20103,28488,28488,8290,0.4118
726,Cazenovia College,,NY,2,2,0,0.7384,0.1192,39992,34630,34630,7047,1
727,Clarkson University,,NY,2,2,0,0.3094,0.0245,30485,49444,49444,10833,0.7283
728,Colgate University,,NY,2,2,0,0.5521,0.046,26041,55870,55870,11806,0.9451
729,Metropolitan College of New York,,NY,2,2,0,0.7073,0.5294,22022,19454,19454,6944,0.0943
730,Columbia University in the City of New York,,NY,2,2,0,0.4688,0.0699,22637,59430,59430,18763,0.4708
731,Concordia College-New York,,NY,2,2,0,0.7829,0.124,16429,32900,32900,6879,1
732,Cooper Union for the Advancement of Science and Art,,NY,2,2,0,0.3882,0.0343,15524,46700,46700,12601,0.1812
733,Cornell University,,NY,2,2,0,0.5293,0.0687,30494,55188,55188,15156,0.9018
734,CUNY Bernard M Baruch College,,NY,1,2,0,0.4756,0.0864,2981,7262,14932,13295,0.4482
735,CUNY Brooklyn College,,NY,1,2,0,0.5661,0.1971,3000,7240,14910,11455,0.3942
736,College of Staten Island CUNY,,NY,1,2,0,0.5375,0.1452,6217,7290,14960,11023,0.3514
737,CUNY City College,,NY,1,2,0,0.5177,0.15,3744,7140,14810,12469,0.3936
738,CUNY Hunter College,,NY,1,2,0,0.6504,0.0944,2796,7182,14852,12004,0.3118
739,CUNY John Jay College of Criminal Justice,,NY,1,2,0,0.5892,0.1611,3737,7270,14940,11182,0.3356
740,CUNY Lehman College,,NY,1,2,0,0.6759,0.2593,2910,7210,14880,10664,0.3654
741,CUNY Queens College,,NY,1,2,0,0.5372,0.0864,3817,7338,15008,11170,0.3834
742,CUNY York College,,NY,1,2,0,0.6542,0.3772,4434,7158,14828,10633,0.3257
743,D'Youville College,,NY,2,2,0,0.7383,0.0994,20345,26750,26750,6973,0.5588
744,Daemen College,,NY,2,2,0,0.7027,0.0981,19744,28580,28580,6709,0.5343
745,Dominican College of Blauvelt,,NY,2,2,0,0.6602,0.164,19424,29000,29000,8455,0.3562
746,Elmira College,,NY,2,2,0,0.6785,0.0457,23683,41900,41900,5575,0.5478
747,Fordham University,,NY,2,2,0,0.5695,0.0401,36301,52687,52687,13782,1
748,Hamilton College,,NY,2,2,0,0.5264,0.0427,25160,54620,54620,12392,0.8702
749,Hartwick College,,NY,2,2,0,0.5863,0.0987,23564,45510,45510,7864,1
750,Hilbert College,,NY,2,2,0,0.5572,0.0497,15188,22350,22350,5958,0.3645
751,Hobart William Smith Colleges,,NY,2,2,0,0.5168,0.0648,32994,55255,55255,9502,0.8548
752,Hofstra University,,NY,2,2,0,0.5549,0.0893,32435,45700,45700,13502,0.4226
753,Houghton College,,NY,2,2,0,0.5933,0.0622,23170,32488,32488,6275,0.5357
754,Iona College,,NY,2,2,0,0.5008,0.1131,28754,38812,38812,9807,0.5373
755,Ithaca College,,NY,2,2,0,0.57,0.0571,33164,43978,43978,8984,0.7379
756,Keuka College,,NY,2,2,0,0.7403,0.0652,25359,32044,32044,6350,1
757,Le Moyne College,,NY,2,2,0,0.5942,0.0587,22715,34625,34625,9020,0.51
758,Long Island University,,NY,2,2,0,0.6726,0.1547,24832,37763,37763,11669,0.4715
759,Manhattan College,,NY,2,2,0,0.4472,0.0567,28845,42608,42608,11176,0.5294
760,Manhattanville College,,NY,2,2,0,0.6028,0.099,22563,38820,38820,8868,0.304
761,Marist College,,NY,2,2,0,0.5785,0.0426,36170,39600,39600,9574,0.4086
762,Marymount Manhattan College,,NY,2,2,0,0.7844,0.095,37254,33778,33778,9070,0.246
763,Medaille College,,NY,2,2,0,0.7275,0.196,11352,29500,29500,5629,0.1922
764,Mercy College,,NY,2,2,0,0.6567,0.224,13774,19042,19042,9049,0.2616
765,Molloy College,,NY,2,2,0,0.7292,0.0945,28977,31490,31490,11043,0.2793
766,Mount Saint Mary College,,NY,2,2,0,0.7104,0.0701,24321,31118,31118,8752,0.3333
767,College of Mount Saint Vincent,,NY,2,2,0,0.7061,0.1577,18296,38180,38180,8624,0.3498
768,Nazareth College,,NY,2,2,0,0.7447,0.0546,29340,34505,34505,8272,0.4397
769,The New School,,NY,2,2,0,0.7498,0.052,42812,49064,49064,11585,0.1784
770,New York University,,NY,2,2,0,0.5747,0.0716,42397,51828,51828,14056,0.999
771,Niagara University,,NY,2,2,0,0.6293,0.0458,19290,33180,33180,8688,1
772,New York Institute of Technology,,NY,2,2,0,0.3814,0.0969,21203,36890,36890,12095,0.29
773,Nyack College,,NY,2,2,0,0.5643,0.2859,20151,25350,25350,6683,0.3396
774,Pace University,,NY,2,2,0,0.6131,0.1057,29883,45280,45280,12267,1
775,Paul Smiths College of Arts and Science,,NY,2,2,0,0.323,0.0338,26483,28452,28452,5532,0.6842
776,Rensselaer Polytechnic Institute,,NY,2,2,0,0.3178,0.0402,36159,53880,53880,12554,0.8838
777,Roberts Wesleyan College,,NY,2,2,0,0.7065,0.0843,23721,31568,31568,6536,0.9304
778,Rochester Institute of Technology,,NY,2,2,0,0.3267,0.0449,30068,42345,42345,10453,0.7117
779,University of Rochester,,NY,2,2,0,0.4931,0.0491,29373,53909,53909,12762,0.9336
780,The Sage Colleges,,NY,2,2,0,0.7893,0.1127,20706,30857,30857,6340,0.8652
781,St Bonaventure University,,NY,2,2,0,0.4647,0.0555,23099,34331,34331,6433,0.6545
782,St Francis College,,NY,2,2,0,0.606,0.1905,26266,26188,26188,8965,0.2486
783,St Lawrence University,,NY,2,2,0,0.5503,0.0337,27494,54846,54846,9504,0.7969
784,The College of Saint Rose,,NY,2,2,0,0.6683,0.1693,22209,32574,32574,7932,0.5463
785,St. Thomas Aquinas College,,NY,2,2,0,0.4754,0.1068,20827,31950,31950,9000,0.3716
786,Sarah Lawrence College,,NY,2,2,0,0.7319,0.0475,37322,55900,55900,10182,0.3802
787,Siena College,,NY,2,2,0,0.5557,0.0351,27470,36975,36975,8645,0.6361
788,Skidmore College,,NY,2,2,0,0.6124,0.0512,27433,54420,54420,9898,0.8149
789,St. Joseph's College-New York,,NY,2,2,0,0.6852,0.2316,16769,27830,27830,8918,1
790,Saint John Fisher College,,NY,2,2,0,0.5858,0.0389,27299,34310,34310,9390,1
791,St John's University-New York,,NY,2,2,0,0.5719,0.1604,25792,41760,41760,12545,0.4338
792,SUNY College of Agriculture and Technology at Cobleskill,,NY,1,2,0,0.5285,0.1107,15373,8654,18434,6576,0.5955
793,Farmingdale State College,,NY,1,2,0,0.4288,0.0944,9268,8306,18086,8333,0.3175
794,SUNY at Albany,,NY,1,2,0,0.5089,0.1918,17298,10011,26851,9678,0.5967
795,Binghamton University,,NY,1,2,0,0.4959,0.0515,18958,9808,26648,9779,0.7128
796,University at Buffalo,,NY,1,2,0,0.435,0.0795,17090,10099,27769,10636,0.639
797,Stony Brook University,,NY,1,2,0,0.4834,0.0711,14893,9625,27295,12058,0.6279
798,SUNY College of Environmental Science and Forestry,,NY,1,2,0,0.4728,0.0148,19341,8874,18654,8738,0.7033
799,SUNY Polytechnic Institute,,NY,1,2,0,0.316,0.0651,12761,8238,18018,9553,0.4966
800,SUNY College at Brockport,,NY,1,2,0,0.5695,0.1116,15837,8412,18192,7575,0.5696
801,SUNY Buffalo State,,NY,1,2,0,0.5666,0.3371,12766,8210,17990,7889,0.4374
802,SUNY Cortland,,NY,1,2,0,0.5654,0.0599,18591,8536,18316,6787,0.5687
803,SUNY at Fredonia,,NY,1,2,0,0.5727,0.0879,15139,8488,18268,7056,0.5882
804,SUNY College at Geneseo,,NY,1,2,0,0.6131,0.0299,19403,8651,18431,7564,0.6835
805,State University of New York at New Paltz,,NY,1,2,0,0.6143,0.0569,17111,8254,18034,7282,0.5425
806,SUNY Oneonta,,NY,1,2,0,0.6155,0.049,16853,8421,17871,6879,0.5903
807,SUNY College at Oswego,,NY,1,2,0,0.4988,0.0996,15575,8440,18220,7086,0.6365
808,SUNY College at Potsdam,,NY,1,2,0,0.5984,0.1287,14131,8462,18242,6483,0.7195
809,SUNY at Purchase College,,NY,1,2,0,0.5847,0.121,18376,8698,18478,7555,0.3823
810,SUNY College at Old Westbury,,NY,1,2,0,0.5976,0.2891,11144,8143,17923,8692,0.4413
811,SUNY College at Plattsburgh,,NY,1,2,0,0.5686,0.0916,14393,8369,18149,7147,0.6152
812,SUNY Empire State College,,NY,1,2,0,0.6236,0.1656,13412,7405,17185,7274,0.1979
813,SUNY Maritime College,,NY,1,2,0,0.1233,0.0493,20006,8283,18063,7612,0.6389
814,Syracuse University,,NY,2,2,0,0.5406,0.0653,34472,51853,51853,11808,0.6617
815,Touro College,,NY,2,2,0,0.7036,0.135,18520,19870,19870,7833,0.4022
816,Union College,,NY,2,2,0,0.4606,0.0385,35005,55290,55290,11755,0.8708
817,Utica College,,NY,2,2,0,0.5933,0.1038,23251,21382,21382,8247,0.3354
818,Vassar College,,NY,2,2,0,0.5874,0.0406,27808,56960,56960,12143,0.8392
819,Wagner College,,NY,2,2,0,0.6455,0.0753,29417,47090,47090,8375,0.982
820,Wells College,,NY,2,2,0,0.635,0.1533,19878,40700,40700,7012,0.7213
821,Yeshiva University,,NY,2,2,0,0.475,0,36414,43500,43500,12178,0.4852
822,Appalachian State University,,NC,1,5,0,0.5616,0.0348,14018,7364,22171,8281,0.7725
823,Barton College,,NC,2,5,0,0.6228,0.2041,23240,30880,30880,6151,0.9873
824,Belmont Abbey College,,NC,2,5,0,0.4963,0.1349,22101,18500,18500,4901,0.6102
825,Bennett College,,NC,2,5,1,1,0.8614,18772,18513,18513,4752,0.6094
826,Brevard College,,NC,2,5,0,0.4327,0.1246,21716,28640,28640,5039,1
827,Campbell University,,NC,2,5,0,0.5218,0.1531,21434,32500,32500,8642,0.4613
828,Catawba College,,NC,2,5,0,0.5323,0.2112,18569,30520,30520,6957,0.6378
829,Chowan University,,NC,2,5,0,0.5136,0.6564,17395,24980,24980,7060,1
830,Davidson College,,NC,2,5,0,0.4812,0.0691,22109,51447,51447,11547,0.9509
831,Duke University,,NC,2,5,0,0.5017,0.1014,23442,55695,55695,16170,0.9252
832,East Carolina University,,NC,1,5,0,0.5645,0.1572,16506,7188,23465,8629,0.7827
833,Elizabeth City State University,,NC,1,5,1,0.5776,0.7141,3232,3194,7194,7552,0.8636
834,Elon University,,NC,2,5,0,0.598,0.0557,35160,35319,35319,9270,0.7584
835,Fayetteville State University,,NC,1,5,1,0.6865,0.6153,5858,5249,16857,8484,0.8779
836,Gardner-Webb University,,NC,2,5,0,0.6463,0.1418,19815,32000,32000,6934,0.9846
837,Greensboro College,,NC,2,5,0,0.4649,0.2583,21106,29140,29140,6177,1
838,Guilford College,,NC,2,5,0,0.5219,0.256,23758,37120,37120,5965,0.5525
839,High Point University,,NC,2,5,0,0.5738,0.0498,38877,35118,35118,7635,1
840,Johnson C Smith University,,NC,2,5,1,0.6095,0.8459,20019,18236,18236,6405,0.5549
841,Lees-McRae College,,NC,2,5,0,0.6544,0.0798,21232,25878,25878,5190,0.4874
842,Lenoir-Rhyne University,,NC,2,5,0,0.6027,0.1136,19976,36400,36400,7716,0.9139
843,Livingstone College,,NC,2,5,1,0.5026,0.8267,17222,18296,18296,5131,0.9079
844,Mars Hill University,,NC,2,5,0,0.5372,0.192,16053,32968,32968,5228,0.9906
845,Meredith College,,NC,2,5,0,1,0.0825,24366,37176,37176,7433,1
846,Methodist University,,NC,2,5,0,0.4792,0.1688,31430,33852,33852,7261,0.5701
847,Montreat College,,NC,2,5,0,0.493,0.1485,21275,26920,26920,5355,0.2426
848,University of Mount Olive,,NC,2,5,0,0.64,0.2787,16136,20600,20600,7278,1
849,North Carolina A & T State University,,NC,1,5,1,0.5702,0.8198,10046,6612,19822,8722,0.6364
850,University of North Carolina at Asheville,,NC,1,5,0,0.5713,0.052,12794,7145,23868,8362,0.7103
851,University of North Carolina at Chapel Hill,,NC,1,5,0,0.5946,0.078,13918,8987,35170,12841,0.7667
852,University of North Carolina at Charlotte,,NC,1,5,0,0.4677,0.1615,16943,6853,20287,9622,0.707
853,University of North Carolina at Greensboro,,NC,1,5,0,0.6656,0.2986,12158,7331,22490,8757,0.7574
854,North Carolina Central University,,NC,1,5,1,0.6814,0.8062,13285,6464,19171,8407,0.6716
855,North Carolina State University at Raleigh,,NC,1,5,0,0.4662,0.0557,16404,9101,28444,10964,0.8771
856,North Carolina Wesleyan College,,NC,2,5,0,0.5638,0.4237,15723,30750,30750,5926,0.2195
857,University of North Carolina Wilmington,,NC,1,5,0,0.6225,0.0416,18910,7091,21156,8442,0.731
858,William Peace University,,NC,2,5,0,0.5199,0.277,24016,30500,30500,5849,0.3333
859,University of North Carolina at Pembroke,,NC,1,5,0,0.6076,0.3339,12339,3418,7418,7412,0.8186
860,Pfeiffer University,,NC,2,5,0,0.5767,0.2633,24556,30234,30234,6808,1
861,Queens University of Charlotte,,NC,2,5,0,0.6696,0.1558,21270,34684,34684,7529,0.476
862,Saint Augustine's University,,NC,2,5,1,0.4941,0.914,25403,17890,17890,5916,0.6486
863,Salem College,,NC,2,5,0,0.9703,0.1825,17576,29166,29166,6062,0.4622
864,Shaw University,,NC,2,5,1,0.576,0.6505,18463,16480,16480,5122,0.6111
865,Wake Forest University,,NC,2,5,0,0.5284,0.0645,32129,53322,53322,11666,0.761
866,Warren Wilson College,,NC,2,5,0,0.6378,0.074,26017,36280,36280,5874,0.65
867,Wingate University,,NC,2,5,0,0.6049,0.1797,19036,33166,33166,7622,1
868,Winston-Salem State University,,NC,1,5,1,0.7236,0.7805,11802,5904,16151,8087,0.7537
869,Western Carolina University,,NC,1,5,0,0.5427,0.0534,15607,3926,7926,7827,0.7011
870,Dickinson State University,,ND,1,4,0,0.5934,0.0449,11697,6768,9546,6571,0.5887
871,University of Jamestown,,ND,2,4,0,0.4846,0.049,19177,21976,21976,6426,1
872,University of Mary,,ND,2,4,0,0.6113,0.0189,16774,18444,18444,8031,0.9613
873,Mayville State University,,ND,1,4,0,0.6321,0.0592,12233,6666,9399,5820,0.9412
874,Minot State University,,ND,1,4,0,0.6129,0.0498,10920,7064,7064,7010,0.5048
875,University of North Dakota,,ND,1,4,0,0.4452,0.0229,15970,8695,20759,8377,0.8975
876,North Dakota State University-Main Campus,,ND,1,4,0,0.4528,0.0275,16062,9414,13393,9107,0.9623
877,Valley City State University,,ND,1,4,0,0.5308,0.0268,11737,7626,17166,5966,0.6283
878,University of Akron Main Campus,,OH,1,3,0,0.4537,0.1068,17124,11463,15500,9837,0.4972
879,Ashland University,,OH,2,3,0,0.491,0.1497,20449,21342,21342,7052,0.3787
880,Baldwin Wallace University,,OH,2,3,0,0.5356,0.0922,22669,32586,32586,7998,0.5346
881,Bluffton University,,OH,2,3,0,0.4431,0.0971,26087,32766,32766,6054,0.5185
882,Bowling Green State University-Main Campus,,OH,1,3,0,0.5512,0.0855,18456,11105,19093,9101,0.6885
883,Capital University,,OH,2,3,0,0.6242,0.1008,21973,35466,35466,8543,0.4245
884,Case Western Reserve University,,OH,2,3,0,0.4512,0.0411,32938,49042,49042,11878,0.768
885,Cedarville University,,OH,2,3,0,0.5292,0.0148,21390,30270,30270,7426,0.655
886,Central State University,,OH,1,3,1,0.6003,0.8831,13310,6346,8346,6952,1
887,University of Cincinnati-Main Campus,,OH,1,3,0,0.4917,0.0712,22682,11000,27334,9936,0.5689
888,Ohio Christian University,,OH,2,3,0,0.6514,0.285,25623,20806,20806,1421,1
889,Cleveland State University,,OH,1,3,0,0.533,0.1513,15124,10457,14824,9548,0.4857
890,University of Dayton,,OH,2,3,0,0.4773,0.0269,31187,42900,42900,8877,0.6654
891,Defiance College,,OH,2,3,0,0.4654,0.1365,26086,32700,32700,5919,0.5256
892,Denison University,,OH,2,3,0,0.5448,0.0621,25177,51960,51960,9242,1
893,The University of Findlay,,OH,2,3,0,0.6692,0.0434,23589,34360,34360,7437,0.6507
894,Heidelberg University,,OH,2,3,0,0.4875,0.091,23299,31000,31000,6742,0.6148
895,Hiram College,,OH,2,3,0,0.5583,0.1728,21099,36358,36358,6223,0.8857
896,John Carroll University,,OH,2,3,0,0.4733,0.0408,27855,41340,41340,9034,1
897,Kent State University at Kent,,OH,1,3,0,0.6147,0.0895,17807,10312,19014,9143,0.5743
898,Kenyon College,,OH,2,3,0,0.5497,0.0361,28961,55930,55930,8767,0.9607
899,Lake Erie College,,OH,2,3,0,0.5121,0.1494,19985,31422,31422,6418,0.4393
900,Lourdes University,,OH,2,3,0,0.5947,0.1144,17706,22480,22480,5645,0.2963
901,Malone University,,OH,2,3,0,0.5741,0.1221,18889,30860,30860,6551,0.4873
902,Marietta College,,OH,2,3,0,0.3949,0.0437,19793,36040,36040,7420,1
903,Miami University-Oxford,,OH,1,3,0,0.4992,0.0348,21758,15380,34896,9534,1
904,University of Mount Union,,OH,2,3,0,0.4469,0.0812,22302,30860,30860,7292,1
905,Mount Vernon Nazarene University,,OH,2,3,0,0.6349,0.0305,20503,29244,29244,6242,0.9167
906,Mount Saint Joseph University,,OH,2,3,0,0.5603,0.1198,18270,30100,30100,6598,0.9739
907,Muskingum University,,OH,2,3,0,0.5615,0.0512,18153,28266,28266,10296,1
908,Notre Dame College,,OH,2,3,0,0.5142,0.2993,21651,30160,30160,5333,0.918
909,Oberlin College,,OH,2,3,0,0.5731,0.051,35555,55052,55052,9466,0.9264
910,Ohio Dominican University,,OH,2,3,0,0.5343,0.2593,19397,31080,31080,7035,0.9844
911,Ohio Northern University,,OH,2,3,0,0.4464,0.0354,22854,32260,32260,8789,0.8628
912,Ohio State University-Main Campus,,OH,1,3,0,0.4843,0.0622,17704,10726,30742,12390,0.6625
913,Ohio University-Main Campus,,OH,1,3,0,0.605,0.0564,22453,12192,21656,9082,0.7942
914,Ohio Wesleyan University,,OH,2,3,0,0.5431,0.092,25390,45760,45760,8672,0.5055
915,Otterbein University,,OH,2,3,0,0.6167,0.0729,23863,31874,31874,7419,0.4985
916,Shawnee State University,,OH,1,3,0,0.5373,0.0503,15013,8556,14714,6772,0.4448
917,Franciscan University of Steubenville,,OH,2,3,0,0.5999,0.0071,23964,27630,27630,7938,1
918,Tiffin University,,OH,2,3,0,0.4772,0.0872,20923,25000,25000,7055,1
919,University of Toledo,,OH,1,3,0,0.4818,0.1079,16374,10293,19653,8943,0.7046
920,Union Institute & University,,OH,2,3,0,0.5342,0.1826,22360,13256,13256,5439,0.1774
921,Urbana University,,OH,2,3,0,0.3797,0.2524,21413,23700,23700,5001,0.1527
922,Ursuline College,,OH,2,3,0,0.9243,0.211,17464,32390,32390,6000,0.3506
923,Walsh University,,OH,2,3,0,0.5865,0.0619,19307,29980,29980,6034,0.993
924,Wilberforce University,,OH,2,3,1,0.5521,0.9782,13637,13250,13250,4982,0.2987
925,Wilmington College,,OH,2,3,0,0.5116,0.1085,20681,25675,25675,5640,0.6
926,Wittenberg University,,OH,2,3,0,0.5444,0.0982,23431,39500,39500,7209,0.6821
927,The College of Wooster,,OH,2,3,0,0.5407,0.096,24806,50250,50250,8257,0.8361
928,Wright State University-Main Campus,,OH,1,3,0,0.519,0.1087,15530,9254,18398,9531,0.9655
929,Xavier University,,OH,2,3,0,0.5451,0.0888,31305,38530,38530,8853,0.5019
930,Youngstown State University,,OH,1,3,0,0.5197,0.0892,11595,8967,9327,8197,1
931,Bacone College,,OK,2,6,0,0.417,0.2288,20689,17700,17700,4192,1
932,Oklahoma Wesleyan University,,OK,2,6,0,0.5779,0.074,26279,27136,27136,5902,0.4054
933,Southern Nazarene University,,OK,2,6,0,0.5054,0.1344,17644,25234,25234,5429,0.2687
934,Cameron University,,OK,1,6,0,0.6183,0.1237,9571,6450,15870,6280,0.58
935,University of Central Oklahoma,,OK,1,6,0,0.5916,0.0935,16572,7489,18376,6781,1
936,East Central University,,OK,1,6,0,0.5963,0.0415,10000,6810,16020,5764,1
937,Randall University,,OK,2,6,0,0.4,0.1172,16852,15108,15108,4047,0.4524
938,Langston University,,OK,1,6,1,0.6262,0.5817,13770,6226,13586,5820,0.8293
939,Northeastern State University,,OK,1,6,0,0.6112,0.0404,9463,6650,14720,6612,0.7046
940,Northwestern Oklahoma State University,,OK,1,6,0,0.5919,0.0785,9408,7471,14558,6336,1
941,Oklahoma Christian University,,OK,2,6,0,0.5058,0.0723,19791,22760,22760,6901,0.9813
942,Oklahoma Panhandle State University,,OK,1,6,0,0.5063,0.0597,8329,7930,8674,4548,0.6506
943,Oklahoma State University-Main Campus,,OK,1,6,0,0.4935,0.0431,14878,9019,24539,9060,0.8769
944,Oklahoma Baptist University,,OK,2,6,0,0.6012,0.0592,18173,28258,28258,6928,0.7184
945,Oklahoma City University,,OK,2,6,0,0.6765,0.0574,25024,31026,31026,7108,0.6131
946,University of Oklahoma-Norman Campus,,OK,1,6,0,0.5026,0.047,20780,11538,26919,9806,0.8496
947,Oral Roberts University,,OK,2,6,0,0.598,0.1564,21557,27728,27728,7477,0.4653
948,Rogers State University,,OK,1,6,0,0.6047,0.0433,14188,7200,15540,5271,0.455
949,University of Science and Arts of Oklahoma,,OK,1,6,0,0.6769,0.0588,7931,7200,17550,5687,0.6282
950,Southeastern Oklahoma State University,,OK,1,6,0,0.5378,0.0541,8508,6750,15390,6815,1
951,Southwestern Christian University,,OK,2,6,0,0.4388,0.2068,12604,15080,15080,4701,0.3111
952,Southwestern Oklahoma State University,,OK,1,6,0,0.5992,0.0389,12115,7335,14235,6972,0.9954
953,University of Tulsa,,OK,2,6,0,0.4476,0.0588,22817,41509,41509,10564,0.7375
954,Concordia University-Portland,,OR,2,8,0,0.7248,0.0443,19870,31158,31158,6277,0.3359
955,Eastern Oregon University,,OR,1,8,0,0.5999,0.0216,15205,8679,20739,7251,0.6534
956,George Fox University,,OR,2,8,0,0.5837,0.0146,29119,36020,36020,7688,0.3452
957,Lewis & Clark College,,OR,2,8,0,0.6111,0.0273,35919,50934,50934,9738,0.5121
958,Linfield College-McMinnville Campus,,OR,2,8,0,0.6031,0.0216,27369,43302,43302,7058,0.9836
959,Northwest Christian University,,OR,2,8,0,0.6198,0.0486,19916,30050,30050,5429,0.9714
960,Oregon Institute of Technology,,OR,1,8,0,0.4497,0.0205,17083,10118,28668,7485,0.9036
961,Oregon State University,,OR,1,8,0,0.4643,0.0133,19969,11166,30141,9910,0.771
962,University of Oregon,,OR,1,8,0,0.5382,0.0228,16355,11898,35478,10385,0.835
963,Pacific University,,OR,2,8,0,0.6159,0.017,31450,44298,44298,8264,0.6338
964,Portland State University,,OR,1,8,0,0.5416,0.0369,13856,9105,27437,9650,0.5546
965,University of Portland,,OR,2,8,0,0.6023,0.0144,33959,45904,45904,8662,0.5484
966,Reed College,,OR,2,8,0,0.5378,0.0234,33495,56340,56340,10712,0.9771
967,Southern Oregon University,,OR,1,8,0,0.6094,0.0254,9707,9615,25545,8668,0.5307
968,Warner Pacific University,,OR,2,8,0,0.5372,0.1185,24566,18660,18660,6361,0.4853
969,Corban University,,OR,2,8,0,0.6062,0.0165,22411,33040,33040,6520,0.3835
970,Willamette University,,OR,2,8,0,0.5816,0.0197,29386,50279,50279,11070,0.7254
971,Western Oregon University,,OR,1,8,0,0.6204,0.0354,16308,10197,26421,6938,0.8519
972,Bryn Athyn College of the New Church,,PA,2,2,0,0.5272,0.1565,19048,22860,22860,7275,0.5185
973,Albright College,,PA,2,2,0,0.6009,0.2319,23124,45306,45306,6636,0.6564
974,Allegheny College,,PA,2,2,0,0.5522,0.0916,23927,47540,47540,7894,1
975,DeSales University,,PA,2,2,0,0.6374,0.0441,26971,37400,37400,7843,0.3701
976,Alvernia University,,PA,2,2,0,0.7036,0.1167,27362,34900,34900,7440,1
977,Arcadia University,,PA,2,2,0,0.6775,0.0874,24659,43580,43580,7910,0.3182
978,Bloomsburg University of Pennsylvania,,PA,1,2,0,0.5737,0.0711,19539,10958,22782,9472,0.8218
979,Bryn Mawr College,,PA,2,2,0,0.9993,0.0576,29334,52360,52360,10936,0.8462
980,Bucknell University,,PA,2,2,0,0.5096,0.0354,39294,56092,56092,11423,0.964
981,Cabrini University,,PA,2,2,0,0.6179,0.2158,26400,31920,31920,6897,0.3333
982,California University of Pennsylvania,,PA,1,2,0,0.54,0.1341,19068,11108,15726,10066,0.6568
983,Carlow University,,PA,2,2,0,0.8265,0.1735,19725,29454,29454,6838,1
984,Carnegie Mellon University,,PA,2,2,0,0.4885,0.041,32674,55465,55465,12165,0.9521
985,Cedar Crest College,,PA,2,2,0,0.8926,0.089,21239,39216,39216,7702,0.3909
986,Chatham University,,PA,2,2,0,0.7158,0.0633,23892,37611,37611,7801,1
987,Chestnut Hill College,,PA,2,2,0,0.6168,0.3209,25248,36180,36180,6549,1
988,Cheyney University of Pennsylvania,,PA,1,2,1,0.588,0.7897,15411,10533,15799,10452,0.6786
989,Clarion University of Pennsylvania,,PA,1,2,0,0.6695,0.0712,19836,11175,16054,9627,0.735
990,Delaware Valley University,,PA,2,2,0,0.5955,0.0934,28393,39440,39440,8377,0.3992
991,Dickinson College,,PA,2,2,0,0.5797,0.0476,31491,54661,54661,9338,0.8219
992,Drexel University,,PA,2,2,0,0.4829,0.0689,33631,53244,53244,11064,0.5443
993,Duquesne University,,PA,2,2,0,0.6357,0.0524,29622,38178,38178,9376,0.5098
994,East Stroudsburg University of Pennsylvania,,PA,1,2,0,0.5615,0.202,17022,11502,24184,9533,0.725
995,Eastern University,,PA,2,2,0,0.6768,0.1974,23529,32947,32947,6342,0.3011
996,Edinboro University of Pennsylvania,,PA,1,2,0,0.5769,0.0566,16604,10574,14622,9907,0.7881
997,Elizabethtown College,,PA,2,2,0,0.6149,0.0293,27017,46940,46940,8853,0.7283
998,Franklin and Marshall College,,PA,2,2,0,0.5496,0.0592,26479,56550,56550,9984,0.8961
999,Gannon University,,PA,2,2,0,0.588,0.0501,21526,32136,32136,7872,0.5707
1000,Geneva College,,PA,2,2,0,0.4727,0.0728,19782,27230,27230,6827,1
1001,Gettysburg College,,PA,2,2,0,0.524,0.0352,27803,54480,54480,9641,0.7395
1002,Gwynedd Mercy University,,PA,2,2,0,0.756,0.2177,23213,33600,33600,6791,0.1915
1003,Haverford College,,PA,2,2,0,0.5134,0.0713,28799,54838,54838,10158,0.892
1004,Holy Family University,,PA,2,2,0,0.7357,0.1382,14230,30346,30346,6999,0.1954
1005,Immaculata University,,PA,2,2,0,0.7339,0.1556,31337,27350,27350,4945,1
1006,Indiana University of Pennsylvania-Main Campus,,PA,1,2,0,0.5789,0.1223,21615,12979,18730,9883,0.6552
1007,Juniata College,,PA,2,2,0,0.5637,0.033,24345,45597,45597,8091,0.7439
1008,Keystone College,,PA,2,2,0,0.6042,0.0958,22493,26720,26720,6219,0.2819
1009,King's College,,PA,2,2,0,0.4656,0.0382,26746,37226,37226,8052,0.6281
1010,Kutztown University of Pennsylvania,,PA,1,2,0,0.5327,0.0774,22282,10802,22626,9399,0.8814
1011,La Roche University,,PA,2,2,0,0.5594,0.0943,19947,28564,28564,7188,0.3405
1012,La Salle University,,PA,2,2,0,0.619,0.1986,24590,30710,30710,9587,0.4258
1013,Lafayette College,,PA,2,2,0,0.5245,0.0531,29884,53630,53630,12104,0.8318
1014,Lancaster Bible College,,PA,2,2,0,0.5144,0.2464,21009,25270,25270,5790,0.3123
1015,Lebanon Valley College,,PA,2,2,0,0.5362,0.0273,27203,43650,43650,7638,0.4885
1016,Lehigh University,,PA,2,2,0,0.4588,0.0346,30832,52930,52930,13517,0.827
1017,Lincoln University,,PA,1,2,1,0.6626,0.8504,14180,11036,16952,8820,1
1018,Lock Haven University,,PA,1,2,0,0.5795,0.0841,19965,10878,20702,10227,0.895
1019,Lycoming College,,PA,2,2,0,0.527,0.13,19449,40315,40315,7681,0.7851
1020,Mansfield University of Pennsylvania,,PA,1,2,0,0.6063,0.1037,20234,12330,22030,9904,0.4476
1021,Marywood University,,PA,2,2,0,0.6746,0.0287,23367,34910,34910,7629,0.3899
1022,Mercyhurst University,,PA,2,2,0,0.5851,0.0442,24592,37170,37170,7548,0.6514
1023,Messiah College,,PA,2,2,0,0.6077,0.0243,26919,35160,35160,8613,0.5447
1024,Millersville University of Pennsylvania,,PA,1,2,0,0.5734,0.0875,21923,12226,22196,10005,0.6429
1025,Misericordia University,,PA,2,2,0,0.694,0.0305,24023,33240,33240,7481,1
1026,Moravian College,,PA,2,2,0,0.6089,0.0315,29680,43636,43636,8017,1
1027,Mount Aloysius College,,PA,2,2,0,0.7004,0.0277,21832,23110,23110,6787,0.372
1028,Muhlenberg College,,PA,2,2,0,0.6048,0.0429,30684,52595,52595,8995,0.5664
1029,Neumann University,,PA,2,2,0,0.667,0.2559,24043,31400,31400,6971,0.4025
1030,Pennsylvania State University-Main Campus,,PA,1,2,0,0.4687,0.0429,30996,18454,34858,11139,0.8226
1031,Peirce College,,PA,2,2,0,0.7143,0.6198,6296,15060,15060,7436,1
1032,University of Pennsylvania,,PA,2,2,0,0.5303,0.0757,25033,55584,55584,17887,0.7395
1033,Cairn University-Langhorne,,PA,2,2,0,0.5606,0.1082,19413,27279,27279,6031,0.4046
1034,University of Pittsburgh-Pittsburgh Campus,,PA,1,2,0,0.5223,0.0503,28758,19080,32052,10856,0.7559
1035,Point Park University,,PA,2,2,0,0.5959,0.1341,19174,31450,31450,8147,0.2264
1036,Robert Morris University,,PA,2,2,0,0.4438,0.0586,26027,30300,30300,11873,1
1037,Rosemont College,,PA,2,2,0,0.6287,0.4301,19635,19900,19900,5585,0.2482
1038,Saint Francis University,,PA,2,2,0,0.6559,0.0737,27221,36410,36410,7166,1
1039,Saint Joseph's University,,PA,2,2,0,0.5484,0.0607,33742,44974,44974,10548,1
1040,Saint Vincent College,,PA,2,2,0,0.4449,0.0629,21537,35462,35462,7793,0.9732
1041,University of Scranton,,PA,2,2,0,0.574,0.019,35313,44532,44532,10292,0.6619
1042,Seton Hill University,,PA,2,2,0,0.6397,0.0844,23733,35748,35748,7522,0.9279
1043,Shippensburg University of Pennsylvania,,PA,1,2,0,0.5134,0.1149,21822,12718,20760,10225,0.7567
1044,Slippery Rock University of Pennsylvania,,PA,1,2,0,0.5578,0.0469,19614,10757,14615,9566,0.8506
1045,Susquehanna University,,PA,2,2,0,0.5628,0.0706,25521,47290,47290,8104,0.5889
1046,Swarthmore College,,PA,2,2,0,0.5097,0.0764,21067,52588,52588,13212,0.8941
1047,Temple University,,PA,1,2,0,0.5352,0.1275,23536,16970,29066,11070,0.5429
1048,Thiel College,,PA,2,2,0,0.4176,0.1676,21556,31700,31700,6461,0.5977
1049,Thomas Jefferson University,,PA,2,2,0,0.7227,0.1502,25743,40651,40651,8243,0.183
1050,Ursinus College,,PA,2,2,0,0.5078,0.0804,29143,52050,52050,8893,0.7714
1051,University of Valley Forge,,PA,2,2,0,0.5079,0.1646,19612,21341,21341,5880,0.2551
1052,Villanova University,,PA,2,2,0,0.5354,0.0488,40134,53308,53308,11165,0.6688
1053,Washington & Jefferson College,,PA,2,2,0,0.4873,0.0524,28287,47964,47964,8128,0.75
1054,Waynesburg University,,PA,2,2,0,0.5726,0.0408,18931,24820,24820,6976,0.4019
1055,West Chester University of Pennsylvania,,PA,1,2,0,0.5908,0.1149,22101,10412,22236,9782,0.6992
1056,Westminster College,,PA,2,2,0,0.5294,0.0477,21198,36806,36806,6880,0.6554
1057,Widener University,,PA,2,2,0,0.5708,0.1281,31305,45948,45948,8652,0.3981
1058,Wilkes University,,PA,2,2,0,0.4686,0.0488,26563,36194,36194,9093,0.4234
1059,Wilson College,,PA,2,2,0,0.8221,0.0409,20077,24595,24595,6863,1
1060,York College of Pennsylvania,,PA,2,2,0,0.5412,0.0543,20741,20100,20100,8892,0.4133
1061,Brown University,,RI,2,1,0,0.5369,0.0644,31685,55466,55466,15579,0.8962
1062,Bryant University,,RI,2,1,0,0.3812,0.0346,38050,43973,43973,10543,0.5743
1063,Johnson & Wales University-Providence,,RI,2,1,0,0.5986,0.1321,26880,32441,32441,9544,1
1064,Providence College,,RI,2,1,0,0.5472,0.0385,38990,50528,50528,10636,0.6235
1065,Rhode Island College,,RI,1,1,0,0.694,0.1028,10523,8929,21692,8119,1
1066,University of Rhode Island,,RI,1,1,0,0.5634,0.0524,20334,14138,30862,9488,0.6672
1067,Roger Williams University,,RI,2,1,0,0.5116,0.0246,36142,34522,34522,12035,0.4071
1068,Salve Regina University,,RI,2,1,0,0.6703,0.0175,31816,40150,40150,8716,0.9313
1069,Allen University,,SC,2,5,1,0.4499,0.9585,14790,12940,12940,4864,0.8261
1070,Anderson University,,SC,2,5,0,0.6883,0.0492,21562,28000,28000,6568,1
1071,Charleston Southern University,,SC,2,5,0,0.6256,0.2059,17561,25540,25540,5984,0.6051
1072,Benedict College,,SC,2,5,1,0.5238,0.8744,24725,16600,16600,5978,0.6331
1073,Bob Jones University,,SC,2,5,0,0.5472,0.0199,12565,18150,18150,4546,0.9027
1074,Southern Wesleyan University,,SC,2,5,0,0.6073,0.2205,17188,25476,25476,5460,1
1075,College of Charleston,,SC,1,5,0,0.6444,0.0791,18783,12838,32020,8518,0.6314
1076,Citadel Military College of South Carolina,,SC,1,5,0,0.109,0.0871,17837,12516,34988,8646,0.6747
1077,Claflin University,,SC,2,5,1,0.6911,0.9256,19396,16854,16854,6896,0.5821
1078,Clemson University,,SC,1,5,0,0.4897,0.0648,18252,15374,37128,10218,0.9237
1079,Coker University,,SC,2,5,0,0.5713,0.3206,17979,29548,29548,5836,0.6239
1080,Columbia International University,,SC,2,5,0,0.5076,0.1844,17481,23690,23690,4732,0.8367
1081,Columbia College,,SC,2,5,0,0.7947,0.3745,16034,19500,19500,6036,0.4196
1082,Converse College,,SC,2,5,0,0.9922,0.1075,18841,18340,18340,6305,0.9881
1083,Erskine College,,SC,2,5,0,0.4406,0.1154,30264,36150,36150,4784,1
1084,Francis Marion University,,SC,1,5,0,0.6839,0.381,12528,11976,22488,7437,0.7314
1085,Furman University,,SC,2,5,0,0.5947,0.0692,27487,49532,49532,9643,0.8032
1086,Lander University,,SC,1,5,0,0.6846,0.265,15083,11700,21300,6207,0.5938
1087,Limestone College,,SC,2,5,0,0.5584,0.4482,24083,25025,25025,5301,1
1088,Morris College,,SC,2,5,1,0.5978,0.9492,16814,13886,13886,5276,0.7619
1089,Newberry College,,SC,2,5,0,0.4274,0.2739,21571,26424,26424,5738,1
1090,North Greenville University,,SC,2,5,0,0.5057,0.0746,20025,19750,19750,6226,0.8235
1091,Presbyterian College,,SC,2,5,0,0.5046,0.1501,18851,38660,38660,8018,1
1092,University of South Carolina Aiken,,SC,1,5,0,0.6525,0.265,14969,10760,21218,6920,0.55
1093,University of South Carolina Beaufort,,SC,1,5,0,0.6868,0.2113,16738,10730,21776,7351,0.5663
1094,University of South Carolina-Columbia,,SC,1,5,0,0.5331,0.0868,19219,12616,33298,10744,0.7183
1095,Coastal Carolina University,,SC,1,5,0,0.5337,0.1939,16188,11716,26828,7532,1
1096,South Carolina State University,,SC,1,5,1,0.499,0.9507,21467,11060,21750,7051,1
1097,University of South Carolina-Upstate,,SC,1,5,0,0.6587,0.3272,15506,11852,23520,6892,0.5096
1098,Voorhees College,,SC,2,5,1,0.5682,0.9552,18489,12630,12630,4866,0.814
1099,Winthrop University,,SC,1,5,0,0.6942,0.3023,17592,15730,29986,7577,0.6195
1100,Wofford College,,SC,2,5,0,0.5316,0.085,25374,43985,43985,8200,0.8324
1101,Augustana University,,SD,2,4,0,0.6267,0.0257,22891,33018,33018,6895,0.7796
1102,Black Hills State University,,SD,1,4,0,0.6305,0.0148,16073,8733,11778,6938,0.5708
1103,Dakota State University,,SD,1,4,0,0.3398,0.0307,17244,9276,12249,7906,0.7037
1104,Dakota Wesleyan University,,SD,2,4,0,0.5707,0.0202,22388,27640,27640,5872,0.3514
1105,Mount Marty College,,SD,2,4,0,0.5651,0.0291,19682,27276,27276,6723,0.4216
1106,Northern State University,,SD,1,4,0,0.561,0.0227,15934,8497,11470,7241,1
1107,South Dakota State University,,SD,1,4,0,0.5189,0.0192,19503,8764,12128,8255,0.8206
1108,University of Sioux Falls,,SD,2,4,0,0.6262,0.056,20989,18280,18280,6305,0.3659
1109,University of South Dakota,,SD,1,4,0,0.626,0.0344,18075,9061,12425,7895,0.6793
1110,Austin Peay State University,,TN,1,5,0,0.5837,0.2321,13018,8159,23399,8009,1
1111,Belmont University,,TN,2,5,0,0.6511,0.0467,35861,34310,34310,10088,0.4091
1112,Bethel University,,TN,2,5,0,0.5318,0.3659,15776,16552,16552,3256,1
1113,Bryan College-Dayton,,TN,2,5,0,0.5182,0.057,15741,26800,26800,5792,0.2697
1114,Carson-Newman University,,TN,2,5,0,0.5894,0.0873,18906,27900,27900,6103,0.5171
1115,Christian Brothers University,,TN,2,5,0,0.514,0.2573,10829,32820,32820,7011,0.9655
1116,Cumberland University,,TN,2,5,0,0.5613,0.1232,21948,22890,22890,5643,0.4837
1117,Lipscomb University,,TN,2,5,0,0.6129,0.0676,24334,32144,32144,7762,0.4983
1118,East Tennessee State University,,TN,1,5,0,0.574,0.0664,11206,8935,27199,7304,0.6082
1119,Fisk University,,TN,2,5,1,0.6985,0.8641,29114,21480,21480,5546,0.6667
1120,Welch College,,TN,2,5,0,0.5521,0.0417,21879,19012,19012,4025,0.4925
1121,Freed-Hardeman University,,TN,2,5,0,0.5614,0.0427,17010,21950,21950,6760,0.9612
1122,King University,,TN,2,5,0,0.6186,0.0578,21302,29714,29714,4960,0.4587
1123,Lane College,,TN,2,5,1,0.4805,0.9083,13385,11500,11500,5162,0.9079
1124,Le Moyne-Owen College,,TN,2,5,1,0.6912,0.9774,9239,11196,11196,4739,0.4792
1125,Lee University,,TN,2,5,0,0.617,0.0505,18485,17690,17690,7373,0.8936
1126,Lincoln Memorial University,,TN,2,5,0,0.7276,0.0613,15053,22010,22010,6577,0.4624
1127,Martin Methodist College,,TN,2,5,0,0.5985,0.1048,18723,24246,24246,5631,0.5952
1128,Maryville College,,TN,2,5,0,0.5506,0.1103,17524,34880,34880,6765,1
1129,University of Memphis,,TN,1,5,0,0.5875,0.3658,13048,9317,21029,8934,0.6754
1130,Middle Tennessee State University,,TN,1,5,0,0.5351,0.2003,12712,8858,27098,8410,0.7657
1131,Rhodes College,,TN,2,5,0,0.5582,0.0861,26077,47890,47890,8491,0.8282
1132,The University of the South,,TN,2,5,0,0.514,0.0466,29119,45120,45120,9533,0.867
1133,Southern Adventist University,,TN,2,5,0,0.5811,0.0968,25016,21950,21950,4782,1
1134,Tennessee Wesleyan University,,TN,2,5,0,0.6363,0.105,13097,24300,24300,4969,1
1135,The University of Tennessee-Chattanooga,,TN,1,5,0,0.5624,0.0995,14213,8664,24782,8558,0.677
1136,The University of Tennessee-Knoxville,,TN,1,5,0,0.5074,0.0616,19142,13006,31426,11076,0.8692
1137,The University of Tennessee-Martin,,TN,1,5,0,0.5887,0.1354,10335,9512,15552,7310,0.6477
1138,Tennessee State University,,TN,1,5,1,0.6226,0.7482,10427,8792,21512,7364,0.9533
1139,Tennessee Technological University,,TN,1,5,0,0.448,0.0382,16321,8731,24595,8176,1
1140,Trevecca Nazarene University,,TN,2,5,0,0.619,0.1261,18350,25598,25598,6840,1
1141,Tusculum University,,TN,2,5,0,0.5258,0.1517,16936,24860,24860,5035,0.6535
1142,Union University,,TN,2,5,0,0.6744,0.1693,27551,32610,32610,7715,0.5908
1143,Vanderbilt University,,TN,2,5,0,0.5132,0.108,20253,49816,49816,13877,0.8397
1144,Abilene Christian University,,TX,2,6,0,0.6027,0.0865,26766,34850,34850,7756,0.7865
1145,Angelo State University,,TX,1,6,0,0.5504,0.0748,12753,7436,17396,7296,0.7051
1146,Austin College,,TX,2,6,0,0.5106,0.1001,20895,39960,39960,7426,1
1147,Baylor University,,TX,2,6,0,0.5958,0.0593,32601,45542,45542,9968,0.7807
1148,Concordia University Texas,,TX,2,6,0,0.6608,0.1136,22858,31810,31810,7092,1
1149,Texas A & M University-Corpus Christi,,TX,1,6,0,0.5953,0.0522,15253,9055,19462,8252,0.7097
1150,Dallas Baptist University,,TX,2,6,0,0.5851,0.101,26203,28870,28870,8253,0.9041
1151,University of Dallas,,TX,2,6,0,0.5276,0.0225,22209,40652,40652,7991,0.6217
1152,East Texas Baptist University,,TX,2,6,0,0.5382,0.172,21484,26370,26370,6947,1
1153,Texas A&M University-Texarkana,,TX,1,6,0,0.5942,0.1395,11569,7363,19392,8315,0.5174
1154,Texas A & M University-Commerce,,TX,1,6,0,0.6011,0.2205,12875,8748,21198,8249,0.9846
1155,Hardin-Simmons University,,TX,2,6,0,0.5358,0.0913,20659,28990,28990,7327,0.6829
1156,Houston Baptist University,,TX,2,6,0,0.643,0.1731,20894,32530,32530,7226,0.5402
1157,University of Houston-Clear Lake,,TX,1,6,0,0.623,0.078,12466,7002,19954,8885,0.6415
1158,University of Houston-Downtown,,TX,1,6,0,0.6043,0.1904,7789,6500,16460,8106,0.5194
1159,University of Houston-Victoria,,TX,1,6,0,0.6492,0.1476,9709,6491,16451,8551,0.6256
1160,University of Houston,,TX,1,6,0,0.4978,0.0986,16161,8913,21273,11900,0.8215
1161,Howard Payne University,,TX,2,6,0,0.448,0.1296,22371,28090,28090,5814,1
1162,Huston-Tillotson University,,TX,2,6,1,0.6162,0.6384,16532,14346,14346,5757,0.3761
1163,University of the Incarnate Word,,TX,2,6,0,0.6018,0.0702,23441,31484,31484,8311,0.481
1164,Jarvis Christian College,,TX,2,6,1,0.5466,0.7665,12384,11720,11720,6087,0.4516
1165,Lamar University,,TX,1,6,0,0.5826,0.2646,12967,8373,18333,8052,0.7885
1166,Texas A & M International University,,TX,1,6,0,0.6024,0.0049,4422,7176,18064,8447,0.6322
1167,LeTourneau University,,TX,2,6,0,0.4365,0.0994,22105,30210,30210,6611,0.381
1168,Lubbock Christian University,,TX,2,6,0,0.5987,0.0416,23437,22440,22440,6408,0.5104
1169,University of Mary Hardin-Baylor,,TX,2,6,0,0.6463,0.141,24346,28650,28650,7914,1
1170,McMurry University,,TX,2,6,0,0.5046,0.1287,21562,27419,27419,6604,0.9885
1171,Midwestern State University,,TX,1,6,0,0.6046,0.1482,10764,9233,11183,7893,0.7444
1172,University of North Texas,,TX,1,6,0,0.5228,0.1334,13609,10852,20812,9978,0.7498
1173,Our Lady of the Lake University,,TX,2,6,0,0.6819,0.0817,17506,28740,28740,7204,0.3493
1174,The University of Texas Rio Grande Valley,,TX,1,6,0,0.566,0.0044,4166,7813,17773,6192,0.8355
1175,Paul Quinn College,,TX,2,6,1,0.561,0.796,12530,8920,8920,4577,0.2766
1176,Prairie View A & M University,,TX,1,6,1,0.6394,0.844,12685,10533,24843,8205,0.8333
1177,Rice University,,TX,2,6,0,0.477,0.0714,20879,47350,47350,15985,0.8266
1178,Saint Edward's University,,TX,2,6,0,0.6207,0.0426,24082,45428,45428,8674,0.4835
1179,University of St Thomas,,TX,2,6,0,0.6281,0.0697,18467,33580,33580,7607,0.9716
1180,Sam Houston State University,,TX,1,6,0,0.6217,0.1762,13666,8296,18256,7744,0.7976
1181,Schreiner University,,TX,2,6,0,0.5675,0.0481,20424,27960,27960,6318,0.5732
1182,St. Mary's University,,TX,2,6,0,0.5475,0.0327,17850,30650,30650,10430,0.5821
1183,Southern Methodist University,,TX,2,6,0,0.4868,0.0456,36575,54492,54492,12829,0.6758
1184,Southwestern Assemblies of God University,,TX,2,6,0,0.5324,0.1163,25240,19582,19582,5019,0.5423
1185,Southwestern University,,TX,2,6,0,0.551,0.0503,26393,42000,42000,8274,0.7386
1186,Stephen F Austin State University,,TX,1,6,0,0.6364,0.1621,12951,8316,18276,7716,0.727
1187,Texas State University,,TX,1,6,0,0.5769,0.0987,15629,10280,21900,8000,0.7622
1188,Southwestern Adventist University,,TX,2,6,0,0.5854,0.1258,19334,21564,21564,5028,1
1189,Sul Ross State University,,TX,1,6,0,0.5791,0.0553,15925,6816,16776,6228,0.6391
1190,Tarleton State University,,TX,1,6,0,0.6155,0.0799,17707,7292,17252,7624,0.5866
1191,Texas A & M University-Kingsville,,TX,1,6,0,0.4746,0.0621,14796,8922,23899,7914,0.735
1192,Texas A & M University-College Station,,TX,1,6,0,0.4757,0.0284,18944,11870,37495,11879,0.874
1193,The University of Texas at Arlington,,TX,1,6,0,0.615,0.1462,12410,10496,26533,9243,0.5675
1194,The University of Texas at Austin,,TX,1,6,0,0.5385,0.0423,16505,10610,37580,12940,0.8434
1195,The University of Texas at Dallas,,TX,1,6,0,0.4317,0.0543,14336,13034,36876,12652,0.8028
1196,The University of Texas at El Paso,,TX,1,6,0,0.5343,0.0231,9032,8198,22629,9055,0.704
1197,The University of Texas at Tyler,,TX,1,6,0,0.568,0.0942,14193,8292,21282,8366,0.7249
1198,Texas Christian University,,TX,2,6,0,0.5886,0.0571,37513,46950,46950,11766,0.9959
1199,Texas College,,TX,2,6,1,0.452,0.8292,19520,10008,10008,4404,0.6296
1200,Texas Lutheran University,,TX,2,6,0,0.5026,0.0948,19301,29960,29960,7257,0.6547
1201,The University of Texas of the Permian Basin,,TX,1,6,0,0.5596,0.0669,9632,6260,7100,8164,0.5231
1202,The University of Texas at San Antonio,,TX,1,6,0,0.4982,0.0889,13849,8049,19538,9062,0.7262
1203,Texas Southern University,,TX,1,6,1,0.5751,0.8122,19950,9173,21623,7598,0.6575
1204,Texas Tech University,,TX,1,6,0,0.4656,0.0651,17033,9080,19040,9228,0.8903
1205,Texas Wesleyan University,,TX,2,6,0,0.5197,0.1488,21614,30300,30300,7651,0.4801
1206,Texas Woman's University,,TX,1,6,0,0.9046,0.1813,9727,7796,17756,8515,0.9812
1207,Trinity University,,TX,2,6,0,0.5297,0.037,23016,42976,42976,10771,0.7725
1208,Wayland Baptist University,,TX,2,6,0,0.5077,0.1758,21855,20070,20070,5305,1
1209,West Texas A & M University,,TX,1,6,0,0.5789,0.0486,13185,7935,9304,7667,0.7755
1210,Wiley College,,TX,2,6,1,0.5679,0.7595,15603,12306,12306,5370,0.5926
1211,Brigham Young University-Provo,,UT,2,7,0,0.4974,0.0051,13181,5620,5620,10974,0.7104
1212,Brigham Young University-Hawaii,,HI,2,8,0,0.6056,0.0033,12793,5560,5560,9388,1
1213,Southern Utah University,,UT,1,7,0,0.5487,0.0252,14284,6770,20586,6810,0.7359
1214,Utah State University,,UT,1,7,0,0.5347,0.0086,13150,8138,22316,9214,0.955
1215,Utah Valley University,,UT,1,7,0,0.4531,0.0099,7572,5726,16296,8075,0.3698
1216,University of Utah,,UT,1,7,0,0.467,0.0134,14364,9222,29215,10727,0.9366
1217,Westminster College,,UT,2,7,0,0.5971,0.0231,22793,34000,34000,8486,1
1218,Bennington College,,VT,2,1,0,0.6431,0.0361,29386,53860,53860,9752,0.5081
1219,Castleton University,,VT,1,1,0,0.518,0.0355,16913,12314,28322,6637,1
1220,Champlain College,,VT,2,1,0,0.414,0.0751,35549,41010,41010,8456,0.9929
1221,Goddard College,,VT,2,1,0,0.7222,0.0833,23187,16586,16586,4857,1
1222,Northern Vermont University,,VT,1,1,0,0.5655,0.041,15308,12074,25394,6768,1
1223,Marlboro College,,VT,2,1,0,0.5714,0.0429,17497,40840,40840,5012,1
1224,Middlebury College,,VT,2,1,0,0.529,0.04,25587,54450,54450,11368,0.8654
1225,Norwich University,,VT,2,1,0,0.2369,0.0458,25581,40014,40014,7575,0.4665
1226,Saint Michael's College,,VT,2,1,0,0.545,0.0242,29490,45375,45375,8571,0.9922
1227,Sterling College,,VT,2,1,0,0.5047,0,24066,38300,38300,4120,0.8421
1228,University of Vermont,,VT,1,1,0,0.5875,0.0122,18980,18276,42516,10205,0.7694
1229,Averett University,,VA,2,5,0,0.4231,0.2895,19749,34520,34520,6082,1
1230,Bluefield College,,VA,2,5,0,0.4949,0.248,21997,26060,26060,5171,0.3147
1231,Bridgewater College,,VA,2,5,0,0.5541,0.1645,19836,35160,35160,6673,0.75
1232,William & Mary,,VA,1,5,0,0.5776,0.0715,16383,23400,45272,11141,0.8002
1233,Regent University,,VA,2,5,0,0.6116,0.2687,18403,18380,18380,8175,0.7619
1234,Christopher Newport University,,VA,1,5,0,0.5572,0.0649,24185,14754,27620,8706,0.625
1235,Emory & Henry College,,VA,2,5,0,0.5239,0.0861,18182,35100,35100,6938,1
1236,Eastern Mennonite University,,VA,2,5,0,0.6359,0.0874,24326,37110,37110,5967,1
1237,Ferrum College,,VA,2,5,0,0.4389,0.331,21904,34175,34175,5956,1
1238,George Mason University,,VA,1,5,0,0.4972,0.1129,20321,12462,35922,10953,0.5166
1239,Hampden-Sydney College,,VA,2,5,0,0.0019,0.0485,30321,45746,45746,8087,0.9279
1240,Hampton University,,VA,2,5,1,0.6577,0.9593,28568,26702,26702,7186,0.9963
1241,Hollins University,,VA,2,5,0,1,0.1021,20762,39035,39035,7165,0.6462
1242,James Madison University,,VA,1,5,0,0.582,0.0482,21281,12016,28416,8746,0.7989
1243,Liberty University,,VA,2,5,0,0.5823,0.1076,27883,22584,22584,6368,0.3928
1244,Longwood University,,VA,1,5,0,0.6725,0.0986,19207,13340,29300,7484,1
1245,University of Lynchburg,,VA,2,5,0,0.5982,0.1067,23687,39530,39530,7699,0.6973
1246,Mary Baldwin University,,VA,2,5,0,0.8758,0.2428,16460,31110,31110,6933,0.2849
1247,University of Mary Washington,,VA,1,5,0,0.6431,0.0753,21483,12714,28648,8218,0.6597
1248,Marymount University,,VA,2,5,0,0.6353,0.1449,24933,31926,31926,8573,0.4737
1249,Norfolk State University,,VA,1,5,1,0.6542,0.8497,15155,9490,20658,8183,1
1250,Old Dominion University,,VA,1,5,0,0.5559,0.3159,15680,10560,29460,8428,0.9481
1251,Radford University,,VA,1,5,0,0.5701,0.1689,17707,11210,23292,8333,0.6845
1252,Randolph-Macon College,,VA,2,5,0,0.5291,0.0961,26264,41300,41300,8342,0.6529
1253,Randolph College,,VA,2,5,0,0.6354,0.1601,23825,39585,39585,8386,1
1254,University of Richmond,,VA,2,5,0,0.526,0.0784,25911,52610,52610,12673,0.6872
1255,Roanoke College,,VA,2,5,0,0.577,0.053,26256,44155,44155,7720,0.8009
1256,Shenandoah University,,VA,2,5,0,0.5955,0.1024,29001,32530,32530,7911,0.5768
1257,Southern Virginia University,,VA,2,5,0,0.5349,0.0302,17560,16495,16495,6677,1
1258,Sweet Briar College,,VA,2,5,0,1,0.0958,22672,21000,21000,6654,0.8261
1259,The University of Virginia's College at Wise,,VA,1,5,0,0.5097,0.0994,9880,10119,27846,7799,1
1260,Virginia Polytechnic Institute and State University,,VA,1,5,0,0.4302,0.0423,20964,13620,31908,11660,0.984
1261,Virginia Commonwealth University,,VA,1,5,0,0.5991,0.1965,21313,14493,35834,9306,0.6226
1262,University of Virginia-Main Campus,,VA,1,5,0,0.5472,0.068,20281,17653,49032,14278,0.9453
1263,Virginia Military Institute,,VA,1,5,0,0.1294,0.0641,19236,18862,45706,8081,1
1264,Virginia State University,,VA,1,5,1,0.574,0.2451,15899,9056,20307,7349,0.7238
1265,Virginia Union University,,VA,2,5,1,0.5424,0.9355,22076,17748,17748,5014,0.4937
1266,Virginia Wesleyan University,,VA,2,5,0,0.586,0.2581,24311,36660,36660,8290,0.6923
1267,Washington and Lee University,,VA,2,5,0,0.4951,0.0269,27083,52455,52455,12568,0.8076
1268,Central Washington University,,WA,1,8,0,0.514,0.0404,15175,8072,23053,8139,0.7246
1269,City University of Seattle,,WA,2,8,0,0.4962,0.1029,23557,16973,16973,5632,0.078
1270,Eastern Washington University,,WA,1,8,0,0.5317,0.0353,12150,7323,24444,8875,0.7286
1271,The Evergreen State College,,WA,1,8,0,0.5824,0.0503,12500,7746,26262,8596,0.7385
1272,Gonzaga University,,WA,2,8,0,0.5247,0.0132,33545,43210,43210,9633,0.5726
1273,Heritage University,,WA,2,8,0,0.7375,0.004,9361,17914,17914,7516,0.3212
1274,Northwest University,,WA,2,8,0,0.6573,0.038,26932,31540,31540,6739,0.2535
1275,Pacific Lutheran University,,WA,2,8,0,0.6407,0.0402,23821,42436,42436,7853,0.6382
1276,University of Puget Sound,,WA,2,8,0,0.6001,0.0182,36075,49776,49776,10520,0.8212
1277,Saint Martin's University,,WA,2,8,0,0.4844,0.0553,21826,37356,37356,6660,0.4879
1278,Seattle Pacific University,,WA,2,8,0,0.6683,0.0479,28400,42939,42939,8536,0.5207
1279,Seattle University,,WA,2,8,0,0.605,0.0308,34947,44610,44610,9586,0.6996
1280,Walla Walla University,,WA,2,8,0,0.5019,0.0256,21798,28035,28035,5385,1
1281,Washington State University,,WA,1,8,0,0.5261,0.0322,15768,11584,25820,9888,0.7935
1282,University of Washington-Seattle Campus,,WA,1,8,0,0.5335,0.0298,12001,11207,36588,13086,0.7899
1283,Western Washington University,,WA,1,8,0,0.5687,0.0167,16439,8126,23540,10023,0.6821
1284,Whitman College,,WA,2,8,0,0.574,0.018,32627,52764,52764,9486,0.7824
1285,Whitworth University,,WA,2,8,0,0.6046,0.0204,27087,43640,43640,7267,0.9688
1286,Alderson Broaddus University,,WV,2,5,0,0.4581,0.2345,19385,27910,27910,5029,0.76
1287,Bethany College,,WV,2,5,0,0.3982,0.2216,19268,29773,29773,5983,0.7059
1288,Bluefield State College,,WV,1,5,1,0.6437,0.0721,9358,7056,13536,6444,0.641
1289,University of Charleston,,WV,2,5,0,0.4382,0.0916,20608,30900,30900,6531,0.5163
1290,Concord University,,WV,1,5,0,0.5925,0.0578,9161,8211,17655,6208,0.5988
1291,Davis & Elkins College,,WV,2,5,0,0.5966,0.0582,17405,29590,29590,5680,0.5053
1292,Fairmont State University,,WV,1,5,0,0.565,0.05,10368,7514,16324,6430,0.9326
1293,Marshall University,,WV,1,5,0,0.5704,0.0637,8894,8128,18614,7651,0.7647
1294,Ohio Valley University,,WV,2,5,0,0.4741,0.0855,17462,21900,21900,4924,0.3793
1295,Shepherd University,,WV,1,5,0,0.5825,0.0852,9861,7548,18048,7245,0.5488
1296,West Virginia State University,,WV,1,5,1,0.5553,0.1432,13904,8212,17666,5892,0.599
1297,West Liberty University,,WV,1,5,0,0.6334,0.0281,12876,7680,15620,6652,0.6905
1298,West Virginia Wesleyan College,,WV,2,5,0,0.5434,0.1003,18379,31640,31640,5951,0.5344
1299,West Virginia University,,WV,1,5,0,0.4812,0.0413,12539,8856,24950,10123,0.7611
1300,Wheeling University,,WV,2,5,0,0.4549,0.1195,16648,29290,29290,6029,0.4732
1301,Alverno College,,WI,2,3,0,0.9967,0.1362,17022,28302,28302,5782,0.3846
1302,Beloit College,,WI,2,3,0,0.5429,0.071,14877,50040,50040,7043,0.8705
1303,Cardinal Stritch University,,WI,2,3,0,0.6865,0.2105,18040,29998,29998,6048,0.3069
1304,Carroll University,,WI,2,3,0,0.6616,0.0204,22943,31918,31918,7652,0.335
1305,Carthage College,,WI,2,3,0,0.5591,0.0589,27764,43550,43550,8460,0.528
1306,Concordia University-Wisconsin,,WI,2,3,0,0.6436,0.0978,23889,29450,29450,6273,1
1307,Edgewood College,,WI,2,3,0,0.7373,0.0362,25340,29500,29500,6200,0.5986
1308,Lakeland University,,WI,2,3,0,0.5728,0.0901,20351,28870,28870,6796,0.1806
1309,Lawrence University,,WI,2,3,0,0.5325,0.0524,24801,47475,47475,8143,0.8282
1310,Maranatha Baptist University,,WI,2,3,0,0.5441,0.0144,17013,15410,15410,4542,0.5444
1311,Marian University,,WI,2,3,0,0.6944,0.0565,20461,27400,27400,6608,0.9158
1312,Marquette University,,WI,2,3,0,0.5412,0.0387,29693,41870,41870,9938,0.577
1313,Milwaukee School of Engineering,,WI,2,3,0,0.2587,0.0205,23706,40749,40749,9659,0.5169
1314,Mount Mary University,,WI,2,3,0,0.9985,0.2056,17706,30100,30100,6281,0.2919
1315,Northland College,,WI,2,3,0,0.5382,0.0302,19187,36183,36183,6081,0.7727
1316,Ripon College,,WI,2,3,0,0.5349,0.0407,18397,43808,43808,7561,0.9481
1317,Saint Norbert College,,WI,2,3,0,0.586,0.0162,24928,38129,38129,7522,0.8239
1318,Holy Family College,,WI,2,3,0,0.6889,0.2148,23248,28390,28390,5217,0.3898
1319,Viterbo University,,WI,2,3,0,0.7379,0.0047,19974,27970,27970,6661,0.3987
1320,University of Wisconsin-Whitewater,,WI,1,3,0,0.4898,0.0404,14166,7692,16265,7528,0.7556
1321,University of Wisconsin-Eau Claire,,WI,1,3,0,0.6187,0.0124,15673,8820,17095,7667,0.7593
1322,University of Wisconsin-Green Bay,,WI,1,3,0,0.6311,0.0224,14487,7878,15728,6661,0.6341
1323,University of Wisconsin-La Crosse,,WI,1,3,0,0.5599,0.008,14478,9107,17776,7160,0.8533
1324,Wisconsin Lutheran College,,WI,2,3,0,0.5526,0.0627,21135,29725,29725,6382,0.9351
1325,University of Wisconsin-Oshkosh,,WI,1,3,0,0.5775,0.026,15695,7621,15194,7276,0.64
1326,University of Wisconsin-Parkside,,WI,1,3,0,0.5299,0.0897,11856,7389,15378,6576,0.6549
1327,University of Wisconsin-Stout,,WI,1,3,0,0.4269,0.0184,15945,9457,17424,7193,0.7068
1328,University of Wisconsin-Superior,,WI,1,3,0,0.6203,0.0173,13857,8126,15699,6476,0.7394
1329,University of Wisconsin-Madison,,WI,1,3,0,0.5136,0.0197,18219,10555,36805,12350,0.8233
1330,University of Wisconsin-Milwaukee,,WI,1,3,0,0.5191,0.0691,17661,9588,20867,8540,0.6453
1331,University of Wisconsin-Platteville,,WI,1,3,0,0.3464,0.0168,15419,7796,15646,6845,0.7875
1332,University of Wisconsin-River Falls,,WI,1,3,0,0.628,0.0142,15645,8025,15598,7693,0.5984
1333,University of Wisconsin-Stevens Point,,WI,1,3,0,0.529,0.02,14192,8239,16506,6781,0.7688
1334,University of Wyoming,,WY,1,7,0,0.5062,0.0104,13379,5400,17490,9846,0.9791
1335,Stanford University,,CA,2,8,0,0.5009,0.0649,12265,51354,51354,20279,0.9853
1336,Purdue University-Main Campus,,IN,1,3,0,0.4236,0.0287,12527,9992,28794,12418,0.9595
1337,St. John's College,,NM,2,6,0,0.4438,0.0031,40973,54118,54118,8976,0.8462
1338,Mid-America Christian University,,OK,2,6,0,0.629,0.0947,12554,19604,19604,5038,1
1339,Brandman University,,CA,2,8,0,0.6183,0.055,26864,12380,12380,8843,0.1143
1340,New College of Florida,,FL,1,5,0,0.6238,0.0309,7991,6916,29944,8437,0.832
1341,California State University-San Marcos,,CA,1,8,0,0.621,0.0295,12872,7713,19593,9790,0.4642
1342,Hodges University,,FL,2,5,0,0.5932,0.1243,18686,14180,14180,5871,0.2848
1343,Beacon College,,FL,2,5,0,0.3875,0.1625,33886,39016,39016,5107,0.8889
1344,Everglades University,,FL,2,5,0,0.4919,0.1749,27876,17600,17600,3543,0.2546
1345,Soka University of America,,CA,2,8,0,0.6565,0.035,15635,33146,33146,11822,0.679
1346,California State University-Monterey Bay,,CA,1,8,0,0.624,0.0391,12739,7143,19023,9509,0.4977
1347,Florida Gulf Coast University,,FL,1,5,0,0.556,0.0706,13745,6118,25162,8142,0.6258
1348,Nevada State College,,NV,1,8,0,0.779,0.0891,12980,5438,17458,7669,1
1349,California State University-Channel Islands,,CA,1,8,0,0.6438,0.0228,16226,6817,18697,9690,0.5402
1350,University of California-Merced,,CA,1,8,0,0.5163,0.045,12253,13538,42530,11225,0.9102
1351,Ave Maria University,,FL,2,5,0,0.5224,0.0542,17981,20850,20850,7578,1
1352,Harrisburg University of Science and Technology,,PA,2,2,0,0.4496,0.3947,14600,23900,23900,9114,0.3237
1353,Georgia Gwinnett College,,GA,1,5,0,0.5658,0.3289,12475,5634,16348,6951,0.6944
1354,University of the West,,CA,2,8,0,0.5588,0.0074,8833,12592,12592,7034,1
1355,The King's College,,NY,2,2,0,0.6503,0.0473,33070,36450,36450,9477,0.6304
1356,Providence Christian College,,CA,2,8,0,0.4503,0.0351,18283,30370,30370,5016,0.3478
1357,Pacific Rim Christian University,,HI,2,8,0,0.4286,0.0635,14978,10460,10460,-99,-99
1358,Touro University Worldwide,,CA,2,8,0,0.7095,0.24,18774,14600,14600,5781,0.1062
1359,Texas A&M University-San Antonio,,TX,1,6,0,0.6161,0.0568,13036,8656,21159,7734,1
1360,North American University,,TX,2,6,0,0.3686,0.1204,12299,9900,9900,5130,0.3864
1361,John Paul the Great Catholic University,,CA,2,8,0,0.4281,0.0211,24823,26100,26100,6583,0.3846
1362,Los Angeles Pacific University,,CA,2,8,0,0.7667,0.1644,20885,10200,10200,7120,1
1363,Augusta University,,GA,1,5,0,0.6512,0.2482,13438,8604,23156,8088,0.6545
1364,Middle Georgia State University,,GA,1,5,0,0.5761,0.363,9794,3924,11092,5937,0.701
1365,University of North Georgia,,GA,1,5,0,0.5616,0.0417,9994,4692,13514,5996,0.7126
1366,Florida Polytechnic University,,FL,1,5,0,0.131,0.0454,14656,4940,4940,9082,0.7816
1367,Antioch College,,OH,2,3,0,0.6176,0.1667,17420,35568,35568,6255,1
1368,University of North Texas at Dallas,,TX,1,6,0,0.6876,0.3036,7400,9139,21589,8539,1
1369,Kennesaw State University,,GA,1,5,0,0.4743,0.2142,17688,6347,17329,7167,0.6293
1370,Milligan College,,TN,2,5,0,0.5667,0.0397,20632,33700,33700,6360,0.9909
1371,Husson University,,ME,2,1,0,0.5708,0.0436,18358,18170,18170,7311,1
1372,Purdue University Northwest,,IN,1,3,0,0.5506,0.0985,10605,7691,17367,8521,0.9884
