"","time_period","central_government_net_borrowing_pounds_million","local_government_net_borrowing_pounds_million","general_government_net_borrowing_pounds_million","public_corporations_net_borrowing_pounds_million","public_sector_pensions_net_borrowing_pounds_million","public_sector_ex_bo_e_and_banks_net_borrowing_pounds_million","bank_of_england_net_borrowing_pounds_million","sub_total_public_sector_ex_net_borrowing_pounds_million","public_sector_banks_net_borrowing_pounds_million","public_sector_net_borrowing_pounds_million","value_added_tax_pounds_million","alcohol_duty_pounds_million","tobacco_duty_pounds_million","fuel_duty_pounds_million","business_rates_pounds_million","stamp_duty_shares_pounds_million","stamp_duty_l_p_pounds_million","vehicle_duty_paid_by_businesses_pounds_million","customs_duties_pounds_million","other_taxes_on_production_pounds_million","self_assessed_income_tax_pounds_million","capital_gains_tax_pounds_million","pay_as_you_earn_income_tax_pounds_million","other_income_tax_pounds_million","corporation_tax_pounds_million","corporation_tax_of_which_energy_profits_levy_pounds_million","petroleum_revenue_tax_pounds_million","miscellaneous_business_taxes_pounds_million","television_licence_pounds_million","vehicle_duty_paid_by_households_pounds_million","bank_levy_pounds_million","other_taxes_not_elsewhere_specified_pounds_million","sub_total_total_taxes_pounds_million","compulsory_social_contributions_pounds_million","interest_dividends_receipts_pounds_million","other_receipts_pounds_million","total_current_receipts_pounds_million","interest_payments_pounds_million","national_insurance_fund_benefits_pounds_million","social_assistance_pounds_million","public_service_pension_net_cost_pounds_million","pay_pounds_million","procurement_pounds_million","other_expenditure_on_goods_and_services_pounds_million","subsidies_cjrs_pounds_million","subsidies_seiss_pounds_million","subsidies_other_pounds_million","contributions_to_eu_pounds_million","current_transfers_paid_abroad_uk_payments_to_eu_pounds_million","current_transfers_paid_abroad_other_pounds_million","current_transfers_received_from_abroad_pounds_million","transfers_to_local_government_pounds_million","other_current_grants_pounds_million","total_current_expenditure_pounds_million","depreciation_pounds_million","net_investment_pounds_million","total_expenditure_pounds_million","central_government_net_cash_requirement_pounds_million"
"1","1997 Apr","2799","260","3059","-215","11","2855","-7","2848","0","2848","4555","468","649","1480","1098","96","153","99","0","501","0","0","5157","23","1043","0","106","-2","120","261","0","242","16049","4192","805","940","21986","1791","3687","3675","308","3748","3279","597","0","0","258","332","0","81","0","4857","762","23375","910","500","24785","-1598"
"2","1997 May","2983","260","3243","-215","11","3039","-6","3033","0","3033","4511","480","645","1546","1098","96","134","99","0","522","0","0","5199","131","1043","0","107","-2","120","261","0","225","16215","4192","590","941","21938","1927","3687","3675","308","3748","3233","643","0","0","258","332","0","81","0","4857","762","23511","910","500","24921","5655"
"3","1997 Jun","4914","257","5171","-216","10","4965","-7","4958","0","4958","4543","467","642","1670","1095","96","144","100","0","540","0","0","5430","-456","1042","0","109","-1","122","261","0","221","16025","4193","558","947","21723","3630","3684","3675","304","3748","3205","669","0","0","260","330","0","84","-1","4858","767","25213","908","516","26637","4900"
"4","1997 Jul","475","386","861","-121","11","751","-7","744","0","744","4492","495","639","1356","1096","117","244","100","0","518","0","0","5324","2347","2094","0","105","-2","151","264","0","265","19605","4271","557","1041","25474","2365","3746","3739","319","3878","3097","682","0","0","367","394","0","79","0","4759","887","24312","919","718","25949","-3556"
"5","1997 Aug","2686","386","3072","-121","11","2962","-7","2955","0","2955","4587","466","636","1767","1096","117","128","100","0","533","0","0","5225","-32","2094","0","91","-2","151","264","0","221","17442","4271","463","1042","23218","2320","3746","3739","319","3878","3101","678","0","0","367","394","0","79","0","4759","887","24267","919","718","25904","2403"
"6","1997 Sep","2050","385","2435","-126","10","2319","-7","2312","0","2312","4799","457","633","1560","1101","118","155","100","0","547","0","0","5475","209","2095","0","13","-1","150","264","0","221","17896","4272","912","1049","24129","2577","3745","3742","325","3875","3102","682","0","0","366","394","0","78","-1","4759","891","24535","919","725","26179","2833"
"7","1997 Oct","-1468","102","-1366","-92","11","-1447","-7","-1454","0","-1454","4695","592","630","1600","1097","118","188","96","0","528","0","0","5378","1141","4123","0","70","-1","203","251","0","232","20941","4333","681","959","26914","1587","3855","3794","190","3825","3493","709","0","0","228","161","0","97","0","4954","820","23713","929","804","25446","-5034"
"8","1997 Nov","-1787","102","-1685","-92","11","-1766","-6","-1772","0","-1772","4997","684","617","1774","1097","118","154","96","0","559","0","0","5479","1310","4123","0","69","-1","203","251","0","227","21757","4333","667","960","27717","2071","3855","3794","190","3825","3478","724","0","0","228","161","0","97","0","4954","820","24197","929","804","25930","3582"
"9","1997 Dec","934","98","1032","-96","10","946","-7","939","0","939","4632","590","660","1625","1098","117","187","95","0","552","0","0","5946","-1850","4122","0","44","2608","202","251","0","217","21096","4336","700","959","27091","4158","3855","3800","193","3824","3470","728","0","0","230","162","0","100","0","4954","817","26291","927","807","28025","323"
"10","1998 Jan","-8378","1285","-7093","-44","8","-7129","-7","-7136","0","-7136","4831","284","628","1527","1097","119","179","97","0","565","0","4","5747","6099","7263","0","51","-2","196","280","0","209","29174","4433","703","1057","35367","2806","3709","3643","114","3802","3478","792","0","0","376","553","0","196","0","4202","948","24619","998","1372","26989","-9883"
"11","1998 Feb","677","-232","445","-44","8","409","-7","402","0","402","4314","337","624","1683","1096","105","157","104","0","670","0","4","5547","5023","540","0","68","-2","196","300","0","242","21008","4433","653","1308","27402","2632","3474","3644","9","3802","3491","779","0","0","376","754","0","199","-1","5720","839","25718","998","1363","28079","-1486"
"12","1998 Mar","3290","-663","2627","-48","13","2592","-7","2585","0","2585","4630","436","619","1866","913","166","250","118","0","521","0","2","7049","397","855","0","130","-3","195","338","0","261","18743","4433","1101","1062","25339","2067","3747","3639","350","3797","3500","770","0","0","377","954","0","199","-2","6134","723","26255","1000","1374","28629","5404"
"13","1998 Apr","1528","604","2132","-210","-3","1919","-7","1912","0","1912","4682","488","623","1628","1120","160","241","77","0","526","0","19","5881","302","2508","0","67","-2","136","223","0","242","18921","4228","493","977","24619","2728","3898","3636","276","3788","3526","713","0","0","206","271","0","34","36","4590","901","24603","950","594","26147","-2479"
"14","1998 May","4343","-268","4075","-208","-3","3864","-7","3857","0","3857","4728","501","658","1620","1119","131","197","86","0","574","0","19","5684","-44","293","0","57","-2","136","248","0","233","16238","4228","641","977","22084","2636","3746","3631","43","3788","3534","705","0","0","206","300","0","44","24","5488","864","25009","950","468","26427","2724"
"15","1998 Jun","3306","271","3577","-211","-4","3362","-7","3355","0","3355","4691","516","653","1767","1120","153","228","127","0","502","0","19","5819","-63","621","0","38","-3","137","367","0","255","16947","4226","602","1002","22777","2372","3883","3633","243","3785","3549","690","0","0","205","321","0","132","-61","4934","887","24573","948","562","26083","6268"
"16","1998 Jul","-3606","1035","-2571","-51","-3","-2625","-6","-2631","0","-2631","4563","509","649","1771","1120","160","240","93","0","650","0","14","5858","3282","4028","0","82","-2","169","267","0","284","23737","4473","576","992","29778","2574","4085","3685","318","3867","3601","686","0","0","208","291","0","174","-75","4297","860","24571","959","642","26172","-5237"
"17","1998 Aug","2103","31","2134","-50","-3","2081","-7","2074","0","2074","4963","475","644","1841","1119","158","236","115","0","556","0","14","5733","1398","320","0","49","-2","169","330","0","250","18368","4473","549","1172","24562","2495","3748","3688","114","3867","3608","679","0","0","208","474","0","61","34","5295","806","25077","959","629","26665","1711"
"18","1998 Sep","1486","166","1652","-51","-4","1597","-7","1590","0","1590","4951","484","639","1753","1121","161","242","106","0","622","0","14","5827","-12","2012","0","31","-3","168","303","0","241","18660","4474","907","1002","25043","2066","3881","3688","305","3864","3606","684","0","0","208","513","0","56","39","5217","896","25023","957","549","26529","2067"
"19","1998 Oct","-6580","110","-6470","85","-3","-6388","-7","-6395","0","-6395","4949","591","635","1802","1120","166","248","104","0","568","0","9","5816","674","10296","0","29","-2","213","300","0","260","27778","4528","658","1010","33974","2655","3991","3795","38","3904","3678","717","0","0","226","488","0","98","0","5199","883","25672","972","750","27394","-8041"
"20","1998 Nov","2581","342","2923","86","-3","3006","-7","2999","0","2999","4863","695","611","1869","1119","159","239","100","0","511","0","10","5932","-55","827","0","57","-2","213","288","0","242","17678","4528","968","1010","24184","2447","3827","3794","17","3904","3670","725","0","0","226","488","0","97","0","4964","892","25051","972","742","26765","1632"
"21","1998 Dec","-77","948","871","82","-4","949","-7","942","0","942","4904","585","607","1869","1119","142","214","67","0","543","0","9","6417","727","1669","0","3","2612","212","193","0","231","22123","4531","637","1019","28310","2804","4397","3797","375","3906","3677","715","0","0","224","1364","0","101","-1","4338","748","26445","973","815","28233","2467"
"22","1999 Jan","-7183","567","-6616","-118","-6","-6740","-7","-6747","0","-6747","5171","297","618","1698","1119","145","217","88","0","543","0","931","6286","4617","5898","0","54","-1","209","270","0","217","28377","5020","662","1037","35096","2713","3539","3698","-116","3983","3868","712","0","0","311","935","0","-728","905","5018","737","25575","996","1342","27913","-10990"
"23","1999 Feb","-1871","-60","-1931","-117","-6","-2054","-7","-2061","0","-2061","4910","389","608","1793","1119","148","221","95","0","502","0","849","6237","4603","756","0","45","-1","209","294","0","245","23022","5020","581","1197","29820","2170","3637","3704","-55","3983","3887","693","0","0","311","644","0","721","-544","5633","810","25594","996","1359","27949","-650"
"24","1999 Mar","1680","-687","993","-122","0","871","-4","867","0","867","5036","504","606","2142","1013","166","251","117","0","568","0","95","7729","309","804","0","-10","-1","208","361","0","282","20180","5017","1053","1052","27302","1953","4183","3708","469","3980","3891","693","0","0","310","64","0","545","-364","6250","781","26463","997","1522","28982","5983"
"25","1999 Apr","-182","752","570","-140","-53","377","-4","373","0","373","5007","521","603","1737","1183","303","244","89","0","548","219","9","6324","443","3046","0","28","-1","142","273","0","252","20970","4483","471","1060","26984","2466","4037","3368","183","3767","4075","732","0","0","247","311","0","45","46","4765","1146","25188","1018","596","26802","-2594"
"26","1999 May","3032","545","3577","-140","-53","3384","-4","3380","0","3380","5101","504","601","1749","1184","268","183","112","0","581","145","10","5976","-9","337","0","27","-1","142","346","0","270","17526","4483","575","1065","23649","2454","3726","3363","182","3767","4051","756","0","0","247","407","0","45","46","5026","1139","25209","1018","454","26681","1808"
"27","1999 Jun","2594","-31","2563","-140","-49","2374","-4","2370","0","2370","5023","519","679","1817","1184","241","217","98","0","608","34","10","6361","-141","716","0","13","-1","143","302","0","259","18082","4483","587","1064","24216","2027","3973","3370","182","3767","4032","774","0","0","246","289","0","184","-92","5561","965","25278","1016","516","26810","5620"
"28","1999 Jul","-4118","792","-3326","-56","-53","-3435","-5","-3440","0","-3440","5124","538","676","1870","1185","295","301","96","0","692","2673","12","6353","552","4196","0","18","-1","178","297","0","320","25375","4686","397","1075","31533","2289","4146","3591","147","3958","3975","796","0","0","233","477","0","104","-23","4886","1190","25769","1030","616","27415","-4958"
"29","1999 Aug","1425","164","1589","-58","-53","1478","-4","1474","0","1474","5214","533","672","1858","1186","239","262","102","0","573","1685","11","6210","31","557","0","29","-1","178","312","0","270","19921","4686","621","1232","26460","2151","4069","3600","146","3958","3980","791","0","0","233","493","0","72","11","5474","1216","26194","1030","661","27885","1147"
"30","1999 Sep","-275","410","135","-58","-49","28","-4","24","0","24","5253","545","666","1853","1183","183","309","120","0","597","94","11","6328","931","2433","0","154","-1","178","369","0","291","21497","4686","961","1078","28222","1653","4842","3596","150","3958","3988","780","0","0","232","493","0","74","11","5215","1215","26207","1032","708","27947","1634"
"31","1999 Oct","-6939","-309","-7248","-41","-53","-7342","-4","-7346","0","-7346","5573","643","615","1892","1185","313","339","105","0","602","-53","11","6354","-454","11406","0","38","-1","221","323","0","260","29372","4726","367","1079","35544","2166","4007","3777","177","3900","4152","770","0","0","328","485","0","-50","125","5914","1123","26874","1039","692","28605","-9028"
"32","1999 Nov","2218","-435","1783","-41","-53","1689","-4","1685","0","1685","5366","809","678","2000","1186","231","264","89","0","554","-81","11","6462","-126","1056","0","37","-1","221","274","0","251","19281","4726","1284","1079","26370","2164","4077","3868","173","3900","4176","746","0","0","328","105","0","294","-221","6049","1213","26872","1039","677","28588","2440"
"33","1999 Dec","440","1061","1501","-44","-49","1408","-4","1404","0","1404","5404","585","671","1985","1182","431","229","84","0","576","128","11","7074","891","1719","0","39","0","222","257","0","274","21762","4726","269","1079","27836","2540","4366","3900","176","3900","4208","715","0","0","325","569","0","-19","95","4593","1215","26583","1038","655","28276","9197"
"34","2000 Jan","-10232","882","-9350","-73","-53","-9476","-5","-9481","0","-9481","5229","301","653","1761","1184","275","311","123","0","606","6716","858","7166","-171","6821","0","-5","-2","220","227","0","263","32536","5083","240","1100","38959","2223","3862","3516","205","4062","4018","701","0","0","305","771","0","-72","345","5041","1296","26273","1053","1401","28727","-17324"
"35","2000 Feb","-1135","297","-838","-73","-53","-964","-3","-967","0","-967","5170","427","645","1946","1184","379","217","135","0","566","2949","715","7002","-6","1208","0","37","-2","220","249","0","265","23306","5083","154","1330","29873","2159","3806","3626","205","4062","4019","700","0","0","305","333","0","458","-185","5546","1126","26160","1053","1525","28738","-2013"
"36","2000 Mar","-1033","-132","-1165","-74","-50","-1289","-18","-1307","0","-1307","5343","575","637","2047","1064","554","310","166","0","557","-77","453","8710","3","827","0","438","-3","221","307","0","342","22474","5084","1524","1103","30185","1777","4181","3611","205","4065","3984","739","0","0","304","403","0","439","-160","5985","1117","26650","1059","1443","29152","4934"
"37","2000 Apr","2857","206","3063","-70","-7","2986","-18","2968","0","2968","5407","464","656","1989","1303","559","325","94","0","638","172","21","6923","31","3845","0","72","-2","141","174","0","300","23112","4939","512","1110","29673","2338","3927","3583","133","4011","4399","797","0","0","267","480","0","54","32","5518","1252","26791","1060","4679","32530","-6350"
"38","2000 May","-9216","69","-9147","-70","-7","-9224","-19","-9243","0","-9243","5369","554","648","1722","1303","506","325","147","0","618","150","21","6747","-43","3918","0","65","-2","141","273","0","283","22745","4939","681","1156","29521","2438","4096","3640","133","4011","4358","838","0","0","267","482","0","56","31","5681","1194","27225","1060","-7980","20305","-11826"
"39","2000 Jun","2229","581","2810","-66","-4","2740","-18","2722","0","2722","5265","556","641","1942","1307","381","362","147","0","613","18","19","7116","226","3864","0","71","-3","142","273","0","318","23258","4939","601","1154","29952","2158","4205","3607","128","4012","4350","841","0","0","265","425","0","149","-63","5175","1210","26462","1061","4658","32181","6914"
"40","2000 Jul","-424","-3252","-3676","-68","-7","-3751","-18","-3769","0","-3769","5441","519","634","1892","1303","292","296","134","0","718","3389","19","7149","54","3277","0","80","-2","165","249","0","282","25891","4886","650","1180","32607","2412","4081","3631","143","4188","4472","813","0","0","236","464","0","101","33","5216","1300","27090","1070","4023","32183","-7938"
"41","2000 Aug","2160","1336","3496","-68","-7","3421","-20","3401","0","3401","5346","585","611","1957","1303","349","362","148","0","614","1483","20","6933","501","3223","0","41","-2","165","275","0","356","24270","4886","608","1447","31211","2402","4205","3674","141","4188","4509","776","0","0","236","477","0","82","51","6229","1323","28293","1070","4008","33371","274"
"42","2000 Sep","-6206","2256","-3950","-67","-4","-4021","-18","-4039","0","-4039","5685","534","642","1824","1309","391","251","145","0","606","49","19","7099","30","3016","0","450","-3","165","270","0","277","22759","4887","739","1176","29561","1683","5356","3647","146","4182","4519","766","0","0","236","869","0","223","-84","5317","1315","28175","1071","-5891","23355","-8551"
"43","2000 Oct","353","748","1101","-67","-7","1027","-18","1009","0","1009","5755","678","635","1988","1302","306","321","158","0","629","165","21","7068","44","2225","0","93","-2","125","292","0","295","22098","5175","944","1218","29435","2408","4151","3924","112","4217","4540","798","0","0","364","521","0","177","-1","5224","1432","27867","1085","836","29788","-8023"
"44","2000 Nov","570","785","1355","-67","-7","1281","-20","1261","0","1261","5503","816","633","2093","1302","390","268","129","0","549","-142","20","7082","278","2213","0","95","-2","125","239","0","300","21891","5175","849","1216","29131","2487","4055","3879","114","4217","4537","801","0","0","364","519","0","174","0","5224","1430","27801","1085","815","29701","3895"
"45","2000 Dec","1550","84","1634","-63","-4","1567","-18","1549","0","1549","5405","555","631","1882","1309","362","275","88","0","593","49","19","8023","368","2172","0","103","-1","125","164","0","262","22384","5176","612","1221","29393","2317","4689","3879","112","4214","4561","774","0","0","365","755","0","177","1","5897","1355","29096","1088","759","30943","8432"
"46","2001 Jan","-7046","140","-6906","173","-5","-6738","-18","-6756","0","-6756","5386","384","629","1751","1302","249","387","86","0","601","6392","1966","7967","476","2339","0","116","-2","257","145","0","301","30732","5689","760","1234","38415","2632","4079","3878","178","4418","4657","727","0","0","290","570","0","-93","257","6123","1252","28968","1103","1298","31369","-16496"
"47","2001 Feb","-4261","451","-3810","173","-5","-3642","-19","-3661","0","-3661","5398","444","627","1894","1303","336","239","112","0","609","3435","1056","8308","19","2310","0","86","-2","257","189","0","280","26900","5689","521","1523","34633","2210","3853","3827","179","4418","4698","686","0","0","290","427","0","422","-257","5810","1462","28025","1103","1244","30372","-1928"
"48","2001 Mar","-1059","-42","-1101","162","-5","-944","-4","-948","0","-948","5519","523","651","1696","912","358","275","126","0","609","113","35","9363","53","2466","0","246","-2","256","212","0","328","23739","5688","1119","1237","31783","1593","4281","3829","177","4417","4691","693","0","0","292","499","0","166","0","6287","1446","28371","1106","1247","30724","6028"
"49","2001 Apr","-1102","692","-410","-22","116","-316","-4","-320","0","-320","5921","552","656","1925","1661","255","321","123","0","683","182","36","7401","340","3477","0","76","-2","141","208","0","328","24284","4997","799","1237","31317","1991","4193","3963","118","4573","4300","745","0","0","326","497","0","209","-1","6102","1264","28280","1109","826","30215","-5114"
"50","2001 May","1396","20","1416","-22","116","1510","-6","1504","0","1504","5573","600","648","1725","1697","250","336","145","0","709","80","37","7023","103","3560","0","89","-2","141","245","0","344","23303","4997","698","1230","30228","2457","4444","3948","119","4573","4257","788","0","0","327","497","0","210","-1","6398","1297","29314","1109","1201","31624","3690"
"51","2001 Jun","-200","-257","-457","-26","115","-368","-4","-372","0","-372","5429","551","641","1907","1679","293","353","158","0","710","25","36","7444","-87","3619","0","90","-2","141","266","0","381","23634","4998","496","1240","30368","1677","4337","3949","122","4576","4239","800","0","0","324","497","0","212","0","6107","1296","28136","1110","922","30168","7681"
"52","2001 Jul","-2214","224","-1990","-25","116","-1899","-6","-1905","0","-1905","5651","576","634","1793","1568","245","374","126","0","820","3575","39","7525","-52","3020","0","86","-2","174","212","0","344","26708","5138","563","1247","33656","2328","4486","4027","164","4551","4678","781","0","0","258","87","0","539","-325","6200","1414","29188","1120","1134","31442","-9991"
"53","2001 Aug","-2280","1280","-1000","-25","116","-909","-4","-913","0","-913","5547","589","611","1828","1561","260","420","149","0","689","1579","39","7112","-19","2963","0","74","-2","174","250","0","357","24181","5138","490","1537","31346","1955","4470","4023","163","4551","4707","752","0","0","258","-825","0","-326","539","5253","1414","26934","1120","1012","29066","863"
"54","2001 Sep","949","367","1316","-29","115","1402","-4","1398","0","1398","5936","548","642","1926","1545","188","427","133","0","730","56","38","7297","54","2777","0","363","-2","175","225","0","335","23393","5139","720","1248","30500","1274","5853","4005","161","4554","4704","748","0","0","254","-69","0","424","-216","6123","1405","29220","1123","1106","31449","3654"
"55","2001 Oct","1906","1094","3000","28","116","3144","-4","3140","0","3140","5916","718","635","1788","1539","253","380","145","0","676","-46","39","7208","345","2060","0","103","0","195","245","0","351","22550","5217","802","1258","29827","2175","4508","4129","261","4671","5043","778","0","0","333","248","0","189","-1","5600","1597","29531","1133","1069","31733","-6548"
"56","2001 Nov","1574","1690","3264","28","116","3408","-6","3402","0","3402","5859","856","633","1896","1537","260","316","123","0","609","-115","40","7232","-69","2042","0","111","34","195","207","0","368","22134","5217","664","1261","29276","1941","4343","4094","262","4671","5030","791","0","0","333","248","0","187","-1","5044","1573","28516","1133","1201","30850","6344"
"57","2001 Dec","4586","-1515","3071","29","115","3215","-4","3211","0","3211","5773","572","631","1917","1476","262","307","101","0","652","111","39","8080","255","2040","0","86","16","196","171","0","293","22978","5218","499","1257","29952","2081","4805","4108","262","4670","5040","783","0","0","335","197","0","192","-2","8160","1535","32166","1135","1237","34538","9110"
"58","2002 Jan","-3413","-197","-3610","190","119","-3301","-5","-3306","0","-3306","5913","408","629","1664","692","142","372","105","0","713","6447","1773","7849","337","2357","0","103","20","217","227","0","266","30234","5701","567","1282","37784","2461","4374","4011","168","4656","5293","774","0","0","272","524","0","188","5","6835","1920","31481","1159","1731","34371","-12480"
"59","2002 Feb","-1150","712","-438","190","119","-129","-6","-135","0","-135","5846","462","627","1839","665","206","274","113","0","664","3279","903","8057","-136","2324","0","96","21","217","244","0","263","25964","5701","455","1537","33657","1869","4094","4016","168","4656","5330","737","0","0","272","483","0","200","-6","5941","1927","29687","1159","1661","32507","-1850"
"60","2002 Mar","1253","-232","1021","-247","116","890","-4","886","0","886","5985","543","652","1708","783","238","251","117","0","680","108","15","9900","174","2369","0","33","24","217","253","0","278","24328","5701","806","1287","32122","1006","4552","4037","167","4659","5354","714","0","0","269","504","0","198","-3","6691","1927","30075","1164","2136","33375","7412"
"61","2002 Apr","2059","152","2211","52","186","2449","-4","2445","0","2445","6104","613","1599","1899","1803","268","357","122","0","752","132","13","7361","-30","2773","0","54","33","156","266","0","363","24638","4877","734","1306","31555","2000","4608","4150","97","4933","5356","711","0","0","351","501","0","213","-1","6819","1698","31436","1170","1008","33614","-3454"
"62","2002 May","5936","-2518","3418","52","186","3656","-4","3652","0","3652","5776","625","143","1833","1847","292","395","107","0","701","59","11","7425","-213","2847","0","68","29","156","233","0","392","22726","4998","594","1317","29635","2054","5047","4157","94","4933","5336","731","0","0","351","501","0","213","-1","8302","1602","33320","1170","1081","35571","3702"
"63","2002 Jun","266","2921","3187","52","180","3419","-4","3415","0","3415","5704","571","509","1869","1822","220","324","105","0","757","14","13","7699","-53","2925","0","67","38","156","227","0","342","23309","5267","434","1302","30312","1837","4075","4026","95","4934","5297","774","0","0","352","502","0","206","-1","4549","1696","28342","1168","1068","30578","7156"
"64","2002 Jul","-421","-415","-836","22","186","-628","-4","-632","0","-632","6009","605","620","1808","1617","267","492","115","0","728","3765","13","7532","-28","2694","0","28","29","188","249","0","381","27112","5030","618","1318","34078","1431","4702","4182","96","4974","5265","844","0","0","361","69","0","249","-42","7229","1673","31033","1182","1442","33657","-6801"
"65","2002 Aug","997","1013","2010","22","186","2218","-4","2214","0","2214","5849","597","670","1911","1609","222","523","127","0","725","1578","13","7440","-147","2656","0","57","40","188","275","0","350","24683","5049","437","1556","31725","1537","4775","4172","95","4974","5232","877","0","0","361","174","0","107","100","6029","1688","30121","1182","1419","32722","3015"
"66","2002 Sep","4171","175","4346","23","180","4549","-4","4545","0","4545","6272","596","669","1832","1595","164","427","110","0","724","102","13","7686","-57","2538","0","231","34","189","237","0","336","23698","5199","776","1317","30990","1668","5942","4150","93","4973","5237","873","0","0","361","409","0","269","-61","6847","1687","32448","1181","1532","35161","5865"
"67","2002 Oct","1967","1238","3205","486","186","3877","-4","3873","0","3873","6350","736","727","1851","1538","203","519","108","0","754","-92","13","7533","344","2192","0","68","38","199","233","0","338","23652","5262","548","1326","30788","1678","4646","4297","91","5121","5178","845","0","0","500","405","0","197","-1","5754","1577","30288","1191","1276","32755","-3184"
"68","2002 Nov","5285","-641","4644","486","186","5316","-3","5313","0","5313","6314","883","483","1962","1535","226","421","116","0","700","-98","13","7503","-147","2165","0","74","34","199","250","0","350","22983","5129","576","1325","30013","2048","4653","4382","91","5121","5222","801","0","0","500","404","0","197","-1","7640","1579","32637","1191","1470","35298","6373"
"69","2002 Dec","3941","466","4407","440","180","5027","-4","5023","0","5023","5926","628","779","1894","1472","199","429","112","0","762","29","13","8124","158","2123","0","67","31","198","243","0","342","23529","5496","585","1330","30940","2528","5091","4310","94","5120","5248","773","0","0","499","568","0","200","-1","6513","1287","32230","1194","1457","34881","11607"
"70","2003 Jan","-1193","1143","-50","643","183","776","-4","772","0","772","6133","420","545","1702","630","147","436","97","0","716","6829","955","7897","58","2328","0","85","33","219","251","0","261","29742","5197","571","1521","37031","1932","4638","4348","90","5255","5545","956","0","0","365","753","0","-11","198","6500","1685","32254","1386","2198","35838","-12630"
"71","2003 Feb","806","1434","2240","643","183","3066","-4","3062","0","3062","5895","480","605","1878","600","176","331","101","0","696","3648","511","8077","306","2374","0","58","40","219","260","0","258","26513","5374","568","1715","34170","1620","4567","4301","87","5255","5546","955","0","0","365","592","0","251","-64","6080","1783","31338","1386","2252","34976","60"
"72","2003 Mar","4547","-2532","2015","308","184","2507","-2","2505","0","2505","6272","628","671","1708","650","155","356","109","0","747","94","15","10404","-155","2507","0","101","41","220","283","0","279","25085","6651","1250","1489","34475","1641","4579","4231","90","5256","5546","950","0","0","365","415","0","330","-137","8943","1784","33993","1383","3646","39022","10042"
"73","2003 Apr","2331","405","2736","168","246","3150","-2","3148","0","3148","6975","585","1508","1968","1787","209","362","96","0","757","93","3","7562","513","2615","0","52","48","166","249","0","369","25917","5648","562","1345","33472","1698","4779","4362","122","5544","5625","782","0","0","1074","586","0","239","-1","6352","1828","32990","1222","1591","35803","-358"
"74","2003 May","6923","-1173","5750","168","246","6164","-3","6161","0","6161","6434","595","150","1796","1830","249","314","132","0","747","67","3","7630","-100","2622","0","43","42","166","343","0","375","23438","5804","555","1367","31164","2305","4775","4758","122","5544","5623","784","0","0","424","587","0","239","-2","8477","1823","35459","1222","1406","38087","7729"
"75","2003 Jun","4227","-270","3957","164","247","4368","-2","4366","0","4366","6525","603","904","1912","1805","182","340","102","0","776","-32","3","8275","-58","2710","0","27","47","167","264","0","381","24933","6218","513","1366","33030","2098","4774","4818","127","5546","5609","799","0","0","424","587","0","245","0","7775","1818","34620","1225","1412","37257","10008"
"76","2003 Jul","1053","94","1147","147","246","1540","-3","1537","0","1537","6425","642","312","1846","1601","185","530","99","0","761","3869","6","7908","16","2574","0","42","43","197","255","0","370","27681","6058","561","1376","35676","1820","4884","5103","124","5676","5522","832","0","0","349","586","0","232","0","7363","1465","33956","1238","1535","36729","-6989"
"77","2003 Aug","3402","398","3800","147","246","4193","-3","4190","0","4190","6326","618","604","1908","1593","216","411","117","0","760","1688","6","7782","-152","2621","0","26","47","197","304","0","364","25436","5944","460","1380","33220","1784","4876","4922","123","5676","5502","852","0","0","349","587","0","233","-1","7293","1662","33858","1238","1526","36622","3902"
"78","2003 Sep","4789","733","5522","149","247","5918","-2","5916","0","5916","6547","633","665","1866","1581","192","434","122","0","772","97","6","8110","-158","2475","0","478","44","196","315","0","379","24754","6243","801","1373","33171","1748","6751","4948","126","5673","5497","860","0","0","350","587","0","237","-1","6670","1658","35104","1236","1620","37960","9446"
"79","2003 Oct","2717","1156","3873","194","246","4313","-2","4311","0","4311","7209","794","760","2018","1508","267","480","132","0","748","-146","6","7803","272","2310","0","77","49","194","343","0","367","25191","5946","568","1393","33098","1902","4886","5097","124","5609","5854","872","0","0","373","-69","0","322","-94","6373","1961","33210","1254","1351","35815","-2204"
"80","2003 Nov","3826","1214","5040","194","246","5480","-3","5477","0","5477","7113","847","516","1940","1507","187","417","108","0","714","-149","6","7920","8","2298","0","80","47","194","278","0","358","24389","6018","600","1388","32395","2136","4889","4915","123","5609","5888","838","0","0","373","144","0","66","163","6452","1870","33466","1254","1501","36221","5614"
"81","2003 Dec","6700","-1979","4721","194","247","5162","-2","5160","0","5160","6537","681","805","1934","1443","218","462","100","0","771","-25","6","8738","294","2449","0","77","54","194","260","0","369","25367","6439","691","1392","33889","2553","5017","5080","126","5611","5947","780","0","0","372","597","0","301","-71","9580","1943","37836","1253","1500","40589","12995"
"82","2004 Jan","-687","1102","415","326","248","989","-3","986","0","986","6766","424","554","1808","632","201","411","98","0","749","5824","1230","8666","-244","2605","0","90","52","240","284","0","284","30674","6380","490","1436","38980","1918","4865","5006","119","5670","6148","752","0","0","339","758","0","-31","249","7042","1733","34568","1299","2426","38293","-14617"
"83","2004 Feb","-1120","1497","377","326","248","951","-3","948","0","948","6560","515","642","1915","598","252","404","104","0","718","4343","920","8954","162","2643","0","72","57","240","298","0","292","29689","6609","556","1437","38291","1621","4864","4984","118","5670","6239","661","0","0","339","616","0","303","-85","6572","1739","33641","1299","2231","37171","841"
"84","2004 Mar","2050","-1431","619","326","249","1194","-4","1190","0","1190","6873","673","1175","1875","670","200","421","74","0","768","144","30","10975","272","2815","0","115","69","240","212","0","361","27962","7841","1243","1435","38481","1885","4866","5183","120","5665","6345","559","0","0","341","448","0","385","-168","9497","1730","36856","1296","2379","40531","13024"
"85","2004 Apr","6845","562","7407","207","221","7835","-4","7831","0","7831","6867","603","254","1995","1820","245","462","105","0","790","104","13","8137","-59","2907","0","80","61","179","304","0","411","25278","6159","420","1452","33309","1759","4964","5240","133","6109","6161","469","0","0","354","291","0","218","-77","7124","1868","34613","1301","4240","40154","-1907"
"86","2004 May","7028","-1386","5642","207","221","6070","-5","6065","0","6065","6834","643","656","1934","1858","220","464","97","0","795","4","13","8396","218","2981","0","68","54","179","280","0","401","26095","6271","468","1448","34282","2318","4964","5252","134","6109","6224","406","0","0","354","569","0","104","38","9738","1907","38117","1301","1892","41310","5025"
"87","2004 Jun","1169","514","1683","206","219","2108","-4","2104","0","2104","6698","664","1105","2004","1847","195","556","106","0","847","-133","13","8543","-277","3114","0","74","64","180","307","0","455","26362","6399","593","1446","34800","2160","4961","5367","132","6108","6248","383","0","0","354","571","0","106","36","7798","1781","36005","1303","-1339","35969","10638"
"88","2004 Jul","-626","2526","1900","331","221","2452","-4","2448","0","2448","6778","632","349","1927","1641","242","617","105","0","826","3743","12","8443","160","3263","0","72","55","212","302","0","451","29830","6426","456","1449","38161","1955","5083","5373","96","6278","6308","395","0","0","297","577","0","230","0","6246","2056","34894","1307","1334","37535","-7483"
"89","2004 Aug","4337","-347","3990","331","221","4542","-4","4538","0","4538","6723","652","643","2002","1635","206","593","104","0","778","1924","13","8257","22","3359","0","44","51","212","299","0","405","27922","6361","490","1475","36248","2177","5083","5344","95","6278","6293","410","0","0","297","578","0","231","0","8746","2038","37570","1307","1708","40585","3253"
"90","2004 Sep","5624","-224","5400","335","219","5954","-4","5950","0","5950","7046","658","690","1922","1626","169","622","115","0","775","87","12","8550","194","3160","0","325","54","211","330","0","399","26945","6488","744","1448","35625","1882","6513","5338","97","6279","6287","411","0","0","297","578","0","242","-2","8134","2112","38168","1303","1778","41249","11534"
"91","2004 Oct","833","3736","4569","378","221","5168","-4","5164","0","5164","7326","773","671","1991","1564","262","576","98","0","854","-108","13","8471","350","3206","0","80","57","199","281","0","396","27060","6527","519","1458","35564","2054","5114","5355","79","6279","6572","409","0","0","472","251","0","354","-2","4950","1889","33776","1315","1306","36397","-1929"
"92","2004 Nov","6359","-1042","5317","378","221","5916","-5","5911","0","5911","7030","881","551","1991","1563","228","509","136","0","776","-86","14","8759","158","2986","0","84","51","199","393","0","419","26642","6734","652","1472","35500","2445","5118","5293","79","6279","6591","390","0","0","472","250","0","362","-1","9501","1890","38669","1315","1875","41859","9227"
"93","2004 Dec","5802","-950","4852","378","219","5449","-4","5445","0","5445","7165","754","842","2048","1499","281","548","85","0","758","71","13","9362","350","2939","0","62","57","199","246","0","403","27682","7029","556","1459","36726","2787","5671","5370","76","6281","6603","378","0","0","473","259","0","365","0","9370","1792","39425","1316","1787","42528","15587"
"94","2005 Jan","-5684","4463","-1221","970","221","-30","-4","-34","0","-34","6796","417","765","1788","608","170","469","89","0","755","7412","1391","9855","445","3465","0","93","64","246","264","0","325","35417","7235","475","1529","44656","2433","4994","5065","76","6236","6780","444","0","0","389","1807","0","-79","368","4932","1886","35331","1385","2256","38972","-17430"
"95","2005 Feb","2758","-91","2667","196","221","3084","-4","3080","0","3080","6792","526","399","1985","579","250","409","105","0","800","3985","745","9749","-107","3532","0","79","57","246","311","0","341","30783","7139","463","1546","39931","2116","4994","5108","77","6236","6796","428","0","0","389","550","0","479","-190","8973","1888","37844","1385","3460","42689","770"
"96","2005 Mar","5493","-2695","2798","194","223","3215","-5","3210","0","3210","6736","686","1146","1726","701","248","425","70","0","802","138","30","11024","291","3554","0","223","63","246","205","0","360","28674","8155","1006","1528","39363","2063","4994","5284","81","6240","6835","389","0","0","387","542","0","471","-181","11404","1618","40127","1387","3342","44856","11247"
"97","2005 Apr","1931","2106","4037","4289","185","8511","-5","8506","0","8506","7268","587","239","2047","1874","256","520","138","0","807","190","18","9026","296","3713","0","80","63","170","409","0","458","28159","6576","465","1540","36740","2104","5055","5260","-47","6521","6800","328","0","0","332","406","0","136","-42","6627","1815","35295","1386","1990","38671","-1592"
"98","2005 May","8049","-3810","4239","-2139","185","2285","-7","2278","0","2278","6959","658","652","1936","1921","248","531","101","0","790","12","19","8887","207","3532","0","81","61","189","297","0","462","27543","6691","563","1539","36336","2438","5314","5285","-83","6521","6824","304","0","0","332","542","0","76","18","12347","2058","41976","1386","1023","44385","9213"
"99","2005 Jun","3223","1120","4343","-2122","181","2402","-5","2397","0","2397","6891","677","729","1975","1889","200","530","78","0","801","-97","19","9265","-49","3476","0","70","50","214","231","0","453","27402","7022","491","1537","36452","2575","5168","5445","-69","6518","6784","342","0","0","333","539","0","77","20","7431","2142","37305","1386","984","39675","11409"
"100","2005 Jul","-262","1087","825","42","185","1052","-6","1046","0","1046","7199","647","643","1987","1759","298","586","130","0","832","3730","19","9096","507","3587","0","80","69","192","385","0","453","32199","6967","476","1556","41198","2326","5331","5410","5","6593","6723","450","0","0","393","542","0","414","-21","7918","2047","38131","1409","1396","40936","-9506"
"101","2005 Aug","3072","985","4057","42","185","4284","-9","4275","0","4275","6913","679","682","1945","1754","273","724","115","0","805","2468","19","8811","-159","3606","0","73","55","213","339","0","484","29799","6668","533","1557","38557","2455","5298","5562","-40","6593","6700","473","0","0","393","537","0","414","-21","8163","2082","38609","1409","1611","41629","5434"
"102","2005 Sep","4418","583","5001","47","181","5229","-5","5224","0","5224","7350","621","739","2039","1744","274","703","135","0","782","47","19","9089","226","4202","0","631","56","228","397","0","448","29730","6911","776","1557","38974","1681","7152","5514","35","6594","6781","395","0","0","397","692","0","358","40","8557","2080","40276","1410","1706","43392","12137"
"103","2005 Oct","2949","1496","4445","-37","185","4593","-5","4588","0","4588","7370","765","920","1930","1665","267","637","99","0","794","-64","19","8994","666","3764","0","128","55","230","291","0","448","28978","6850","525","1578","37931","2192","5364","5556","134","6686","6996","250","0","0","393","-304","0","333","-46","7403","2222","37179","1431","2270","40880","-6156"
"104","2005 Nov","7200","609","7809","-37","185","7957","-6","7951","0","7951","7222","952","324","1953","1663","269","632","60","0","770","-85","19","9008","240","3830","0","138","57","249","179","0","433","27913","6858","632","1580","36983","2703","5225","6668","-6","6686","7106","140","0","0","393","569","0","300","-13","8387","2198","40356","1431","2396","44183","10176"
"105","2005 Dec","5648","-263","5385","-27","181","5539","-5","5534","0","5534","7134","659","798","2035","1600","331","660","84","0","768","37","19","9938","453","3779","0","123","56","232","250","0","434","29390","7387","503","1576","38856","2913","5613","5620","85","6685","7100","148","0","0","396","654","0","236","55","9226","2111","40842","1431","2231","44504","14720"
"106","2006 Jan","-5413","2802","-2611","83","185","-2343","-5","-2348","0","-2348","6832","420","504","1867","719","225","744","95","0","840","7879","1911","10304","325","4122","0","114","59","226","289","0","364","37839","7479","520","1630","47468","2386","5166","5346","222","6952","7538","326","0","0","418","165","0","562","-124","7111","1914","37982","1483","2590","42055","-20785"
"107","2006 Feb","1642","1267","2909","83","185","3177","-7","3170","0","3170","6734","510","583","1960","685","413","568","97","0","801","3717","904","10548","97","4173","0","122","59","221","292","0","357","32841","7704","427","1631","42603","2146","4649","5287","288","6952","7409","455","0","0","418","1531","0","100","338","8480","1893","39946","1483","2816","44245","1957"
"108","2006 Mar","3540","-1399","2141","82","182","2405","-7","2398","0","2398","7031","701","1625","1764","727","410","619","114","0","766","243","57","11942","280","4236","0","376","54","259","345","0","456","32005","8446","913","1633","42997","2159","5883","5448","-402","6948","7346","521","0","0","416","444","0","658","-219","11095","1954","42251","1485","2801","46537","13806"
"109","2006 Apr","6406","-2144","4262","152","121","4535","-7","4528","0","4528","7421","561","53","2071","1986","305","646","110","0","848","227","-1","9491","539","4331","0","114","66","193","331","0","466","29758","7127","438","1633","38956","2118","5136","5465","-54","6904","6982","491","0","0","427","443","0","195","21","10944","2116","41188","1485","2689","45362","1854"
"110","2006 May","6513","-1840","4673","153","121","4947","-8","4939","0","4939","7298","696","841","1891","2037","271","741","95","0","829","46","-1","9348","-3","4047","0","131","54","224","289","0","541","29375","7016","562","1630","38583","2444","5292","5606","399","6904","7059","414","0","0","427","443","0","194","21","10474","2048","41725","1485","1886","45096","9071"
"111","2006 Jun","4697","-1187","3510","157","119","3786","-7","3779","0","3779","7263","685","329","2002","2001","390","736","121","0","848","-47","0","9869","269","4107","0","120","60","224","367","0","530","29874","7470","476","1629","39449","2635","5593","5603","-149","6898","7145","330","0","0","427","323","0","265","-44","9839","2140","41005","1482","1659","44146","12336"
"112","2006 Jul","-758","1578","820","119","121","1060","-7","1053","0","1053","7496","622","579","1913","1839","298","764","94","0","885","4814","0","9623","496","3880","0","134","51","192","283","0","507","34470","7269","459","1632","43830","2462","5501","5679","-27","6922","7495","285","0","0","551","468","0","300","-1","7911","2338","39884","1496","1692","43072","-10074"
"113","2006 Aug","3241","121","3362","119","121","3602","-7","3595","0","3595","7385","673","723","2003","1831","232","1000","122","0","838","1934","0","9286","318","3846","0","122","53","195","369","0","485","31415","7116","444","1633","40608","2415","5390","5834","246","6922","7532","248","0","0","551","610","0","299","-1","9235","1752","41033","1496","1320","43849","3819"
"114","2006 Sep","6571","13","6584","228","119","6931","-7","6924","0","6924","8081","632","712","1990","1823","275","850","120","0","823","176","0","9686","297","3526","0","533","55","230","364","0","447","30620","7239","534","1635","40028","2019","7480","5643","280","6917","7556","228","0","0","552","626","0","308","-3","9334","2265","43205","1497","1897","46599","13491"
"115","2006 Oct","1880","2099","3979","3","121","4103","-7","4096","0","4096","8050","753","705","1936","1772","286","903","103","0","869","8","1","9531","475","3326","0","428","61","244","312","0","526","30289","7272","701","1648","39910","2458","5414","5687","29","7013","7581","234","0","0","447","525","0","63","190","7400","2209","39250","1516","1024","41790","-7871"
"116","2006 Nov","5941","1079","7020","3","121","7144","-7","7137","0","7137","7782","901","557","2032","1770","260","805","81","0","820","-49","2","9477","-4","3245","0","197","54","240","244","0","521","28935","7312","611","1650","38508","2869","5111","5633","472","7013","7599","216","0","0","447","822","0","596","-343","8201","2252","40888","1516","2045","44449","8546"
"117","2006 Dec","5581","-1099","4482","10","119","4611","-7","4604","0","4604","7641","690","861","2019","1702","436","897","93","0","855","135","2","10906","550","3366","0","155","69","248","280","0","473","31378","8100","465","1653","41596","3150","6114","5655","-437","7008","7631","192","0","0","447","718","0","114","141","10333","1885","42951","1518","2708","47177","13462"
"118","2007 Jan","-6962","2508","-4454","-45","122","-4377","-7","-4384","0","-4384","7445","480","792","1884","787","252","799","88","0","818","8318","2570","11645","142","4200","0","173","59","260","278","0","416","41406","7177","565","1704","50852","2876","5587","5743","0","7081","8039","200","0","0","372","-237","0","597","-148","7777","2017","39904","1557","2429","43890","-21388"
"119","2007 Feb","-2600","3121","521","-45","122","598","-8","590","0","590","7417","519","372","2004","749","336","751","103","0","843","4550","1195","12095","141","4177","0","159","58","231","327","0","408","36435","8001","499","1704","46639","2739","5242","5235","-234","7081","8056","183","0","0","372","1824","0","39","410","6965","2079","39991","1557","2491","44039","-2868"
"120","2007 Mar","4859","-563","4296","-39","121","4378","-7","4371","0","4371","8050","702","1117","1840","814","415","745","135","0","968","194","62","12467","-455","4287","0","-111","64","264","430","0","444","32432","9817","859","1698","44806","2260","5506","5675","396","7083","8048","184","0","0","372","376","0","712","-266","10602","2101","43049","1555","5061","49665","16691"
"121","2007 Apr","4646","-1396","3250","44","175","3469","-7","3462","0","3462","7975","626","289","2100","2060","273","888","111","0","945","209","8","10032","190","3935","0","95","54","209","352","0","601","30952","7279","711","1731","40673","2528","5563","5632","84","7106","7665","233","0","0","518","501","0","199","68","10891","2056","43044","1582","693","45319","-1235"
"122","2007 May","7562","-2735","4827","44","175","5046","-7","5039","0","5039","7598","723","674","2031","2109","343","768","109","0","978","88","7","9993","386","4050","0","89","50","227","347","0","612","31182","7251","599","1729","40761","2992","5710","6147","262","7106","7629","267","0","0","518","375","0","258","9","11450","2056","44779","1582","1962","48323","8838"
"123","2007 Jun","3967","-98","3869","41","176","4086","-7","4079","0","4079","7452","652","713","2062","2086","451","1004","110","0","981","-18","8","10810","-148","3917","0","72","61","223","350","0","618","31404","7824","468","1728","41424","2878","5661","5927","374","7107","7594","303","0","0","519","188","0","351","-79","9448","2057","42328","1581","1482","45391","9865"
"124","2007 Jul","-549","1203","654","-103","175","726","-6","720","0","720","7857","658","602","1997","1894","353","1036","106","0","1065","5459","3","10368","133","3974","0","111","43","221","337","0","578","36795","7516","598","1734","46643","2784","5667","6044","391","7138","8003","355","0","0","581","388","0","348","-62","8813","2231","42681","1603","1810","46094","-13256"
"125","2007 Aug","3989","1230","5219","-103","175","5291","-6","5285","0","5285","7545","733","698","2049","1886","400","1100","126","0","989","1973","2","10221","-156","3885","0","47","48","228","402","0","571","32747","7392","566","1734","42439","3161","5741","6231","295","7138","8006","354","0","0","581","608","0","224","-3","8565","2229","43130","1603","1695","46428","6380"
"126","2007 Sep","7067","-1563","5504","-102","176","5578","-7","5571","0","5571","8291","604","702","2075","1884","269","840","109","0","999","133","3","10577","144","4138","0","297","46","252","347","0","531","32241","7652","633","1732","42258","1710","7853","5615","625","7139","8036","319","0","0","583","609","0","291","-3","10764","1969","45510","1603","2212","49325","10237"
"127","2007 Oct","3883","2203","6086","-21","175","6240","-7","6233","-16","6217","7971","825","661","2154","1797","370","946","106","0","1028","-19","3","10165","772","3718","0","103","57","258","335","0","594","31844","7489","864","1777","41974","3059","6037","6036","260","7142","7713","305","0","0","538","872","0","298","-3","8265","2417","42939","1648","1270","45857","-5344"
"128","2007 Nov","6636","-367","6269","-21","175","6423","-6","6417","-16","6401","7818","891","564","2146","1794","425","784","102","0","935","-29","2","10388","327","3684","0","258","64","251","326","0","584","31314","7542","767","1777","41400","3220","6067","5858","167","7142","7752","264","0","0","538","635","0","295","0","9537","2384","43859","1648","2529","48036","9331"
"129","2007 Dec","6354","-998","5356","-19","176","5513","-7","5506","-15","5491","7929","637","678","2170","1719","327","759","83","0","965","249","3","11467","410","3610","0","94","61","238","265","0","512","32176","8270","750","1777","42973","3262","6177","5996","12","7142","7762","253","0","0","541","980","0","299","0","10031","2063","44518","1645","3164","49327","16526"
"130","2008 Jan","-8349","3257","-5092","-424","176","-5340","-7","-5347","-19","-5366","7741","521","910","1954","751","249","695","85","0","970","10065","3383","11746","458","4014","0","79","62","255","286","0","500","44724","8482","741","1857","55804","2896","5704","6167","229","7244","9178","345","0","0","610","656","0","364","96","8086","2127","43702","1711","2042","47455","-22781"
"131","2008 Feb","-1607","5332","3725","-424","176","3477","-6","3471","-19","3452","7598","730","486","2119","714","431","573","126","0","915","4124","1780","12555","-97","4082","0","104","63","246","428","0","466","37443","9020","696","1860","49019","3075","5539","5880","99","7244","9139","384","0","0","610","1453","0","326","134","5660","2062","41605","1711","4096","47412","1725"
"132","2008 Mar","10588","-4286","6302","-424","171","6049","-34","6015","-18","5997","8025","615","1005","2048","828","274","565","101","0","989","209","66","13544","364","4096","0","331","70","250","344","0","489","34213","9720","1156","1827","46916","1638","5815","5601","-183","7244","9108","415","0","0","612","699","0","695","-237","13170","2169","46746","1708","9050","57504","12296"
"133","2008 Apr","8243","-2093","6150","212","332","6694","-34","6660","-36","6624","8656","645","283","2131","2200","282","691","133","0","1064","363","21","10206","0","3905","0","98","67","223","449","0","583","32000","7793","755","1873","42421","3062","6082","5966","563","7317","8196","457","0","0","465","698","0","101","102","11920","2037","46966","1733","1965","50664","2232"
"134","2008 May","9224","-1999","7225","212","332","7769","-35","7734","-36","7698","8103","711","641","2081","2257","339","535","101","0","1034","56","4","10260","-150","3699","0","86","56","227","344","0","539","30923","7826","650","1876","41275","2931","6324","6463","197","7317","8212","441","0","0","465","430","0","242","-39","11315","2113","46411","1733","2355","50499","13433"
"135","2008 Jun","6787","-427","6360","209","338","6907","-34","6873","-35","6838","8280","691","681","2132","2212","257","469","101","0","1089","32","5","10765","-47","3564","0","83","58","233","341","0","560","31506","8165","645","1872","42188","3387","6124","6391","110","7317","8250","389","0","0","464","351","0","281","-73","10180","2112","45283","1733","1959","48975","14848"
"136","2008 Jul","272","2058","2330","918","332","3580","-35","3545","-47","3498","7951","714","724","2041","2030","282","589","115","0","1059","6075","11","10329","286","3409","0","102","56","236","391","0","601","37001","7889","688","1923","47501","3061","6242","6773","222","7141","8682","334","0","0","527","243","0","347","-16","8541","2250","44347","1757","1669","47773","-12985"
"137","2008 Aug","6173","1417","7590","918","332","8840","-35","8805","-47","8758","7451","681","684","2030","2022","318","422","104","0","1024","1852","4","10130","417","3520","0","78","57","236","352","0","506","31888","7727","679","1926","42220","3352","6260","6581","272","7141","8720","293","0","0","527","407","0","348","-16","9183","2250","45318","1757","1318","48393","11462"
"138","2008 Sep","12978","-986","11992","926","338","13256","-34","13222","-2730","10492","7902","737","757","1999","2003","199","430","110","0","1056","125","4","10473","315","3072","0","1140","54","251","372","0","517","31516","7981","959","1923","42379","1824","8769","6145","695","7143","8681","328","0","0","524","473","0","315","20","10913","2248","48078","1762","5517","55357","38786"
"139","2008 Oct","8121","1633","9754","973","332","11059","-94","10965","-2943","8022","7418","842","703","2053","1919","430","366","116","0","1013","68","5","10032","607","2934","0","210","71","286","393","0","525","29991","7811","887","1946","40635","3325","6333","6470","227","7289","9012","442","0","0","457","-507","0","99","317","9021","2382","44867","1793","2096","48756","7258"
"140","2008 Nov","10017","1442","11459","973","332","12764","-95","12669","-2943","9726","7563","1165","619","2140","1915","266","256","86","0","953","-125","3","10013","-4","2838","0","195","73","263","290","0","457","28966","7644","778","1941","39329","3101","6084","6320","138","7289","9034","419","0","0","457","558","0","579","-163","9295","2380","45491","1793","2062","49346","12109"
"141","2008 Dec","14776","-380","14396","972","338","15706","-94","15612","-5408","10204","6731","621","710","2062","1835","226","355","81","0","1001","189","3","10881","226","2956","0","157","75","243","275","0","448","29075","8261","812","1945","40093","3243","6541","6831","171","7294","9204","237","0","0","456","370","0","577","-164","10600","1997","47357","1795","5717","54869","47193"
"142","2009 Jan","2631","3904","6535","333","333","7201","-95","7106","-5118","1988","6295","482","824","1978","807","189","252","97","0","957","8235","4921","10546","746","2777","0","176","68","257","335","0","378","40320","8103","702","2044","51169","2447","7344","6615","106","7671","9808","29","0","0","467","607","0","814","-367","8560","1899","46000","1888","5912","53800","-4393"
"143","2009 Feb","6112","4631","10743","333","333","11409","-95","11314","-1503","9811","6167","566","588","2084","766","221","220","86","0","922","4937","2749","10705","-441","2787","0","180","75","255","297","0","377","33541","8240","693","2042","44516","2345","5609","6548","416","7671","9978","-132","0","0","467","1228","0","-244","691","7623","1953","44153","1888","4587","50628","4888"
"144","2009 Mar","16321","-2645","13676","336","331","14343","-95","14248","-1505","12743","6710","743","682","1884","887","195","213","138","0","979","725","122","12078","-66","2680","0","62","64","267","475","0","411","29249","9173","1261","2060","41743","1527","6512","6889","-91","7669","9855","-45","0","0","468","660","0","786","-336","13139","1944","48977","1889","7198","58064","27602"
"145","2009 Apr","12417","-2237","10180","599","295","11074","-181","10893","-1882","9011","6471","833","1427","2235","2247","231","253","123","0","1096","253","2","9834","497","2894","0","140","57","227","424","0","452","29696","7582","948","2041","40267","3014","6575","6652","611","7417","9031","262","0","0","539","660","0","262","56","13280","2416","50775","1882","27","52684","11039"
"146","2009 May","15371","-2424","12947","599","295","13841","-281","13560","-1672","11888","6416","657","205","2112","2298","262","312","98","0","1104","18","2","9800","-830","3110","0","119","51","227","339","0","446","26746","7546","661","2041","36994","2975","6857","7105","140","7417","8262","549","0","0","539","396","0","461","-143","11554","2516","48628","1882","1855","52365","20256"
"147","2009 Jun","15539","399","15938","597","295","16830","-373","16457","-1634","14823","6563","742","574","2195","2282","230","333","107","0","1161","255","2","10160","167","3339","0","108","50","233","366","0","472","29339","7862","704","2042","39947","2466","6606","7236","295","7413","9149","666","0","0","540","817","0","238","81","10528","2509","48544","1885","5057","55486","22374"
"148","2009 Jul","7147","1698","8845","575","295","9715","-472","9243","-1662","7581","7143","762","771","2146","2085","264","402","114","0","1150","5455","1","9755","1","3320","0","87","41","245","394","0","525","34661","7541","496","2057","44755","2251","6761","7617","560","7583","9535","577","0","0","575","270","0","531","-138","9129","2368","47619","1894","2389","51902","2294"
"149","2009 Aug","10066","1539","11605","575","295","12475","-521","11954","-1662","10292","6868","736","726","2247","2075","212","400","103","0","1087","1832","1","9648","-116","3409","0","144","42","242","356","0","508","30520","7425","417","2059","40421","1383","6780","7249","-28","7583","9124","439","0","0","575","606","0","280","114","9900","2324","46329","1894","2264","50487","11516"
"150","2009 Sep","16334","-278","16056","576","295","16927","-580","16347","-1663","14684","6977","739","843","2269","2068","225","476","129","0","1115","112","2","9828","267","3280","0","-165","48","274","445","0","544","29476","7569","714","2051","39810","1287","9371","6778","782","7579","9409","381","0","0","574","471","0","383","14","10964","2355","50348","1893","3903","56144","23083"
"151","2009 Oct","13058","1488","14546","484","295","15325","-637","14688","-1590","13098","7292","890","714","2198","1952","292","413","98","0","1107","-23","2","9692","298","3300","0","57","58","273","337","0","475","29425","7601","717","2065","39808","3680","6834","7054","487","7366","8968","448","0","0","590","88","0","982","-475","10038","2596","48656","1902","2308","52866","5341"
"152","2009 Nov","12417","1669","14086","484","295","14865","-657","14208","-1590","12618","7349","975","715","2261","1947","243","462","85","0","1075","-123","2","9863","40","3101","0","81","50","256","294","0","447","29123","7624","525","2080","39352","3116","6638","7060","140","7366","8374","481","0","0","590","615","0","274","233","9710","2601","47198","1902","2669","51769","13855"
"153","2009 Dec","20996","236","21232","484","295","22011","-701","21310","-5943","15367","7011","792","987","2285","1864","354","487","88","0","1110","297","2","10573","-273","3132","0","58","49","253","302","0","461","29832","8179","458","2054","40523","3453","6987","7583","196","7361","11213","411","0","0","586","338","0","254","232","10305","2205","51124","1900","8495","61519","57648"
"154","2010 Jan","4803","3211","8014","103","294","8411","-725","7686","-932","6754","8206","518","723","1949","801","240","497","87","0","1032","7976","1558","10428","332","3645","0","59","50","272","309","0","375","39057","8035","444","2086","49622","3656","6970","6862","520","7921","9256","287","0","0","651","1045","0","586","-61","9430","2291","49414","1943","3068","54425","-2087"
"155","2010 Feb","7808","2291","10099","103","294","10496","-676","9820","-932","8888","7687","625","446","2193","761","194","384","105","0","1128","5124","877","11531","-251","3747","0","11","48","258","373","0","383","35624","8840","527","2105","47096","3699","6306","6971","-273","7921","8456","188","0","0","651","1842","0","177","348","10144","2276","48706","1943","4255","54904","6168"
"156","2010 Mar","14884","-1422","13462","101","297","13860","-684","13176","-936","12240","8261","977","1331","2107","937","269","469","131","0","1105","531","40","14237","-40","3758","0","224","57","268","468","0","433","35563","10834","1011","2159","49567","2874","6948","7405","156","7919","12491","228","0","0","650","413","0","823","-295","12126","2286","54024","1940","8487","64451","27334"
"157","2010 Apr","12116","-2983","9133","506","205","9844","-657","9187","-1246","7941","8132","634","234","2378","2265","265","464","118","0","4578","97","4","10134","-250","3997","0","-4","62","224","421","0","536","34289","7529","510","2128","44456","4040","6579","7112","685","7658","8734","411","0","0","521","413","0","396","-22","14142","2461","53130","1941","1501","56572","9567"
"158","2010 May","15134","-1931","13203","506","205","13914","-676","13238","-1246","11992","7832","847","645","2233","2324","282","386","104","0","1260","8","3","10156","-87","4031","0","57","50","243","369","0","527","31270","7542","485","2128","41425","4127","6862","7478","181","7658","9066","565","0","0","521","662","0","308","66","11959","2570","52023","1941","2595","56559","18015"
"159","2010 Jun","11579","369","11948","506","211","12665","-656","12009","-1246","10763","8335","802","1275","2245","2296","251","485","103","0","1275","-8","4","10860","65","3991","0","48","52","247","368","0","567","33261","8044","551","2131","43987","4655","6624","7716","393","7659","9695","600","0","0","522","331","0","429","-50","10573","2566","51713","1941","1912","55566","24048"
"160","2010 Jul","7649","1599","9248","377","205","9830","-676","9154","-1478","7676","8025","708","386","2304","2058","276","647","112","0","1285","5898","3","10344","-211","3550","0","30","47","247","400","0","598","36707","7642","600","2138","47087","3891","6829","7967","437","7767","8634","498","0","0","554","662","0","413","-41","10078","2434","50123","1942","2671","54736","-2967"
"161","2010 Aug","10416","1196","11612","377","205","12194","-678","11516","-1478","10038","7972","748","731","2306","2049","294","616","108","0","1220","1503","3","10292","167","3496","0","44","46","243","386","0","530","32754","7645","605","2139","43143","3992","6833","7702","182","7767","8472","386","0","0","554","646","0","355","18","10373","2510","49790","1942","1827","53559","5842"
"162","2010 Sep","17379","-1516","15863","376","211","16450","-658","15792","-1478","14314","8500","758","1035","2307","2049","163","525","128","0","1241","39","5","10331","76","3564","0","560","62","273","458","0","524","32598","7696","976","2130","43400","2774","9417","7362","980","7769","10423","347","0","0","559","804","0","356","17","11807","2566","55181","1941","3657","60779","25092"
"163","2010 Oct","12992","1289","14281","384","205","14870","-679","14191","-1307","12884","7955","887","581","2367","1969","268","527","97","0","1283","-25","10","10265","250","3544","0","82","50","287","344","0","494","31235","7655","652","2141","41683","4272","6997","7337","505","7872","8379","409","0","0","546","804","0","463","150","10305","2431","50470","1946","2259","54675","1504"
"164","2010 Nov","14065","816","14881","384","205","15470","-657","14813","-1307","13506","8399","1023","677","2381","1964","256","519","91","0","1267","-74","11","10330","-429","3537","0","115","51","273","325","0","497","31213","7670","623","2142","41648","4354","6757","7534","261","7872","8518","443","0","0","546","1365","0","893","-280","10907","2431","51601","1946","2166","55713","15283"
"165","2010 Dec","17357","-255","17102","384","211","17697","-680","17017","-1306","15711","8261","826","1012","2243","1883","282","539","95","0","1258","305","4","11111","-34","3242","0","123","47","253","340","0","513","32303","8214","666","2131","43314","4693","7155","8049","355","7872","11602","391","0","0","543","1039","0","469","112","10487","2115","54882","1946","3843","60671","27850"
"166","2011 Jan","-937","2684","1747","10","205","1962","-680","1282","-2193","-911","9087","537","797","2141","807","163","444","99","0","1156","10860","2696","11684","-228","3550","0","86","52","267","275","14","413","44900","8518","525","2217","56160","4212","6911","7157","426","8102","8907","344","0","0","527","912","0","697","-101","10243","1979","50316","2031","2876","55223","-15466"
"167","2011 Feb","6851","3261","10112","10","205","10327","-616","9711","-2193","7518","8975","652","440","2203","766","217","374","122","0","1312","3152","786","12481","440","3609","0","64","51","265","339","14","444","36706","9192","512","2227","48637","4397","6245","7284","-133","8102","9054","283","0","0","527","2516","0","315","281","9306","1927","50104","2031","3353","55488","3920"
"168","2011 Mar","14346","-578","13768","9","208","13985","-656","13329","-2197","11132","9813","1012","1492","2148","824","253","435","151","0","1294","352","72","14018","-626","3820","0","253","56","242","420","14","476","36519","10400","1105","2264","50288","3465","6920","7415","307","8106","13556","355","0","0","530","556","0","788","-188","11462","1376","54648","2025","7961","64634","26938"
"169","2011 Apr","15504","-3604","11900","278","327","12505","-659","11846","-2193","9653","9196","674","185","2384","2378","267","552","175","0","1404","85","7","10337","-471","3840","0","124","44","235","486","366","567","32835","7897","564","2186","43482","5168","6836","7553","795","7804","9196","537","0","0","499","464","0","233","-26","14020","2321","55400","2002","1584","58986","7597"
"170","2011 May","11354","-1647","9707","278","327","10312","-679","9633","-2193","7440","9104","784","651","2157","2435","244","415","85","0","1352","-61","5","10663","197","3654","0","83","44","241","238","366","582","33239","8033","667","2185","44124","4456","7205","7570","233","7804","8753","708","0","0","498","648","0","188","19","11824","2321","52227","2002","1249","55478","10724"
"171","2011 Jun","11661","-1778","9883","279","324","10486","-657","9829","-2197","7632","9592","823","805","2269","2400","218","377","149","0","1445","-72","9","11339","16","3731","0","99","45","246","415","366","599","34871","8554","634","2193","46252","5145","6959","7795","576","7806","9443","758","0","0","502","555","0","214","-4","12287","2326","54362","2002","1549","57913","23434"
"172","2011 Jul","2563","2099","4662","287","327","5276","-679","4597","-1411","3186","9457","781","808","2254","2209","289","573","120","0","1494","5104","6","10933","488","3630","0","63","62","254","335","157","587","39604","8270","582","2212","50668","4492","7289","7890","290","8054","8033","687","0","0","546","834","0","521","-19","8457","2332","49406","2018","1807","53231","-4362"
"173","2011 Aug","9944","-412","9532","287","327","10146","-679","9467","-1411","8056","9638","863","878","2187","2199","241","571","163","0","1393","1723","6","10453","-130","3570","0","70","51","261","453","157","610","35357","7936","609","2212","46114","4088","7254","7830","659","8054","9151","589","0","0","449","560","0","499","3","11322","2242","52700","2018","1340","56058","10672"
"174","2011 Sep","13695","231","13926","289","324","14539","-658","13881","-1413","12468","9822","817","935","2311","2187","252","581","130","0","1392","86","2","10664","-699","3299","0","577","48","267","360","157","601","33789","8120","918","2203","45030","3243","9143","7602","1370","8058","9979","563","0","0","546","880","0","501","2","10130","2143","54160","2018","2547","58725","23013"
"175","2011 Oct","10200","2663","12863","318","327","13508","-710","12798","-1411","11387","9720","944","1037","2305","2099","244","566","123","0","1377","-24","2","10557","-458","3223","0","114","50","278","342","96","541","33136","8058","608","2222","44024","5299","7198","7716","329","8040","9251","636","0","0","536","880","0","945","-168","7970","2103","50735","2025","1464","54224","-2090"
"176","2011 Nov","10313","1020","11333","318","327","11978","-767","11211","-1411","9800","9329","1155","478","2302","2098","201","548","126","0","1291","-64","6","10394","558","3328","0","117","52","280","351","96","549","33195","7921","613","2224","43953","5194","6935","7757","391","8040","8418","676","0","0","543","337","0","493","284","10026","2103","51197","2025","1044","54266","10541"
"177","2011 Dec","14304","-370","13934","321","324","14579","-813","13766","-1413","12353","9728","826","855","2262","2020","233","573","96","0","1381","441","4","11304","-31","3501","0","125","56","252","267","96","517","34506","8542","596","2206","45850","4591","7218","7934","780","8040","10812","629","0","0","546","869","0","880","-128","9903","2058","54132","2027","3995","60154","25162"
"178","2012 Jan","-905","2259","1354","-126","326","1554","-853","701","-1195","-494","9436","579","668","2100","932","140","460","120","0","1270","10184","3324","11515","277","3274","0","67","55","253","300","175","437","45566","8710","562","2299","57137","4293","7315","7405","364","8414","9774","588","0","0","599","729","0","729","-186","9423","2085","51532","2119","2581","56232","-16549"
"179","2012 Feb","9680","1343","11023","-126","326","11223","-883","10340","-1195","9145","9292","779","760","2197","890","208","431","212","0","1283","2650","868","11896","-619","3296","0","72","52","264","531","175","462","35699","9077","495","2313","47584","4218","6735","7527","449","8414","8856","523","0","0","598","2423","0","203","340","10382","2050","52718","2119","2427","57264","5643"
"180","2012 Mar","5706","7766","13472","-127","326","13671","-921","12750","-1197","11553","9890","1155","1818","2070","1021","257","478","98","0","1347","281","98","13860","-674","3391","0","521","65","282","246","175","430","36809","10479","2650","2353","52291","2197","7226","7634","414","8416","14310","597","0","0","603","822","0","737","-188","12433","1908","57109","2123","-1235","57997","32752"
"181","2012 Apr","21913","-2062","19851","238","126","20215","1337","21552","-1195","20357","9477","591","136","2386","2534","204","479","141","0","1465","19","11","10997","-345","3578","0","150","55","240","351","122","537","33128","8670","3100","2401","47299","5537","7413","7701","991","8366","8984","770","0","0","669","822","0","225","49","11149","2217","54893","2101","12218","69212","-6913"
"182","2012 May","15262","-1801","13461","238","126","13825","-954","12871","-1195","11676","9516","858","600","2119","2593","75","534","138","0","1471","-103","4","10306","-429","3583","0","127","43","247","346","122","582","32732","8150","630","2352","43864","4927","7700","8203","796","8366","8885","880","0","0","668","739","0","251","23","12071","2124","55633","2055","1438","59126","13315"
"183","2012 Jun","10428","-949","9479","240","133","9852","-952","8900","-1197","7703","9747","776","759","2247","2565","213","510","135","0","1570","-67","3","11185","-101","3618","0","53","51","245","339","122","561","34531","8811","472","2382","46196","4279","7431","7702","517","8365","9562","928","0","0","673","410","0","353","-82","11180","2107","53425","2073","1126","56624","21619"
"184","2012 Jul","2954","162","3116","-38","126","3204","-940","2264","-1069","1195","9573","793","1054","2212","2267","189","666","162","0","1604","6146","4","10752","-339","3563","0","101","47","247","405","139","656","40241","8486","594","2404","51725","3836","7653","8114","611","8310","7876","834","0","0","676","410","0","579","-92","9768","2291","50866","2088","1725","54679","-4205"
"185","2012 Aug","11038","-220","10818","-38","126","10906","-966","9940","-1069","8871","9345","849","680","2237","2255","218","683","159","0","1592","977","4","10391","26","3526","0","108","49","251","396","139","701","34586","8214","532","2398","45730","3079","7637","8022","797","8310","10210","719","0","0","677","692","0","447","40","10913","2244","53787","2084","897","56768","8735"
"186","2012 Sep","13953","-113","13840","-36","133","13937","-995","12942","-1071","11871","9707","757","979","2260","2246","166","588","113","0","1513","28","2","10772","-450","3444","0","533","43","264","283","139","600","33987","8501","791","2377","45656","3200","9527","7562","1175","8311","10410","671","0","0","683","808","0","449","38","10287","2278","55399","2069","2141","59609","22081"
"187","2012 Oct","12260","692","12952","-93","126","12985","-1019","11966","-1069","10897","10046","1036","769","2220","2184","174","624","182","0","1563","-12","9","10314","57","3068","0","126","49","290","455","111","597","33862","8157","787","2407","45213","4656","7700","7918","715","8364","9690","761","0","0","697","646","0","682","26","9909","1961","53725","2094","1654","57473","3068"
"188","2012 Nov","12488","600","13088","-93","126","13121","-1066","12055","-1069","10986","10036","1203","622","2324","2181","231","611","106","0","1361","-67","4","10286","-713","3016","0","141","55","280","265","111","573","32626","8136","565","2406","43733","4623","7429","7765","639","8364","9088","811","0","0","696","483","0","734","-26","10529","1961","53096","2092","1033","56221","12605"
"189","2012 Dec","14922","-24","14898","-93","133","14938","-1066","13872","-1071","12801","10394","824","1052","2331","2101","188","591","113","0","1551","409","4","11340","190","3027","0","107","52","254","284","111","546","35469","8928","561","2391","47349","5182","7706","7913","688","8366","11563","793","0","0","699","1488","0","733","-63","10628","1917","57613","2096","2562","62271","22940"
"190","2013 Jan","-3559","588","-2971","57","130","-2784","2688","-96","-662","-758","9886","613","566","2008","917","159","623","131","0","1438","10685","2971","11058","1743","3355","0","75","57","266","318","219","475","47563","8716","4262","2486","63027","3981","7702","7566","938","8253","10033","749","0","0","692","1702","0","619","-107","9974","1511","53613","2157","3698","59468","-16930"
"191","2013 Feb","3484","2521","6005","57","130","6192","1606","7798","-662","7136","9551","765","648","2155","873","145","502","160","0","1399","2347","820","11430","184","3429","0","115","47","271","385","219","413","35858","8995","3111","2511","50475","4832","7011","7470","54","8253","9314","661","0","0","693","2441","0","218","285","8848","1511","51591","2156","212","53959","-1045"
"192","2013 Mar","9573","699","10272","55","128","10455","-1064","9391","-665","8726","10034","1074","1725","2072","1009","271","496","182","0","1521","189","91","13728","-642","3541","0","101","69","230","438","219","589","36937","10719","1094","2474","51224","2762","7686","7661","661","8250","12912","575","0","0","697","926","0","694","-187","10293","1521","54451","2086","4260","60797","23312"
"193","2013 Apr","18588","-10213","8375","-35","256","8596","2824","11420","-662","10758","9894","644","201","2258","2636","222","660","143","0","1654","52","2","11600","470","3505","0","77","65","237","344","208","682","35554","9175","4632","2481","51842","5381","7501","7535","1100","8190","10467","718","0","0","628","926","0","518","-2","19882","2371","65215","2165","3050","70430","7743"
"194","2013 May","4944","1247","6191","-35","256","6412","2822","9234","-662","8572","9879","822","560","2267","2705","323","646","154","0","1599","-132","3","10705","51","3445","0","91","55","246","371","208","1561","35559","8503","4508","2430","51000","4859","7850","8085","736","8323","9741","731","0","0","629","926","0","228","-2","9070","2078","53254","2119","571","55944","9658"
"195","2013 Jun","4979","321","5300","-34","255","5521","2826","8347","-665","7682","10168","783","724","2319","2648","225","560","131","0","1790","-79","3","11205","147","3438","0","45","46","246","316","208","679","35602","8878","4486","2481","51447","4692","7542","7746","472","8319","10065","754","0","0","608","926","0","411","-4","10022","1865","53418","2137","871","56426","11670"
"196","2013 Jul","3975","9","3984","-94","256","4146","-532","3614","-815","2799","10399","892","880","2187","2365","304","886","149","0","1778","6548","3","10477","-208","3420","0","-1","40","253","360","195","696","41623","8332","1131","2496","53582","3871","7838","8346","710","8316","10149","709","0","0","614","926","0","598","-11","9430","1563","53059","2155","2343","57557","-8498"
"197","2013 Aug","7582","1924","9506","-94","256","9668","-1058","8610","-815","7795","10166","856","822","2317","2350","207","803","176","0","1644","862","2","10502","-137","3458","0","80","52","253","424","195","632","35664","8350","542","2485","47041","3618","7824","7794","745","8322","9342","646","0","0","650","938","0","489","-9","8621","2568","51548","2155","920","54623","9175"
"198","2013 Sep","11465","1479","12944","-92","255","13107","-1055","12052","-815","11237","10343","801","964","2260","2324","191","819","146","0","1669","12","3","10777","-77","3348","0","410","55","266","351","195","601","35458","8557","1002","2497","47514","3230","9690","7517","1229","8807","9529","624","0","0","669","927","0","784","-11","8995","2371","54361","2151","2467","58979","13705"
"199","2013 Oct","11399","803","12202","-45","256","12413","-1046","11367","-815","10552","10078","1082","858","2226","2286","312","928","165","0","1665","-77","3","10342","355","3223","0","98","53","285","398","162","630","35072","8231","492","2641","46436","5291","7018","8020","1428","8407","10704","669","0","0","622","674","0","369","-16","9405","1491","54082","2165","1588","57835","-7153"
"200","2013 Nov","9712","2617","12329","-45","256","12540","-1049","11491","-815","10676","10405","1201","530","2347","2283","249","787","115","0","1551","-81","2","10567","7","3231","0","84","59","273","277","162","588","34637","8400","650","2628","46315","4789","8856","7315","-732","8464","10689","661","0","0","608","494","0","1150","-20","8176","2048","52498","2163","1366","56027","9855"
"201","2013 Dec","10994","737","11731","-46","255","11940","-1046","10894","-815","10079","10847","867","1001","2282","2179","256","968","137","0","1658","414","2","11671","93","3237","0","121","60","256","330","162","575","37116","9229","569","2469","49383","3731","7190","8215","1383","8546","11169","576","0","0","654","985","0","1982","-21","9751","1602","55763","2163","2451","60377","22290"
"202","2014 Jan","-348","1510","1162","-120","258","1300","-1047","253","-636","-383","10638","628","625","2070","1005","244","845","121","0","1669","10673","3006","11327","157","3368","0","-1","51","276","289","245","568","47804","8969","527","2658","59958","3845","7779","7754","841","8634","11473","499","0","0","609","1025","0","478","-7","9306","1489","53725","2234","3651","59610","-14119"
"203","2014 Feb","10980","-555","10425","-120","258","10563","-1048","9515","-636","8879","10191","805","640","2215","963","276","723","167","0","1519","2427","732","12019","284","3434","0","69","54","263","398","245","491","37915","9490","480","2621","50506","4541","7057","7133","611","8577","11648","432","0","0","648","2327","0","204","-4","11998","1207","56379","2234","2873","61486","4876"
"204","2014 Mar","7652","-487","7165","-118","258","7305","-1044","6261","-639","5622","10584","927","1751","2134","1104","299","748","190","0","1614","235","147","14289","141","3564","0","45","59","266","453","245","488","39283","11192","1083","2699","54257","2755","7840","7608","564","8961","12214","444","0","0","802","838","0","539","-4","11086","1494","55141","2172","4596","61909","20049"
"205","2014 Apr","17901","-8837","9064","349","181","9594","3055","12649","-636","12013","10490","762","229","2303","2568","233","912","129","0","1813","103","2","11216","148","3761","0","83","57","244","278","261","727","36319","8853","4649","2591","52412","5499","7734","7948","1166","8676","10164","689","0","0","672","838","0","571","-3","17746","2384","64084","2221","4008","70313","4547"
"206","2014 May","9559","1148","10707","349","181","11237","-1052","10185","-636","9549","10399","886","576","2231","2621","363","879","197","0","1761","-128","5","10759","-414","3578","0","70","54","243","421","261","663","35425","8511","581","2581","47098","4357","8054","7960","809","8799","10194","844","0","0","708","838","0","311","-3","8563","1681","53115","2221","1321","56657","12391"
"207","2014 Jun","9504","-1019","8485","347","175","9007","-1050","7957","-639","7318","10494","855","667","2317","2592","219","904","157","0","1845","-113","6","11505","-150","3570","0","80","54","239","339","261","664","36505","9068","610","2610","48793","4445","7753","7585","684","8846","10152","871","0","0","666","754","0","618","-4","10739","1610","54719","2222","1356","58297","18098"
"208","2014 Jul","3394","75","3469","254","181","3904","-526","3378","-780","2598","10496","871","933","2245","2287","235","1094","157","0","1866","6666","5","11083","-168","3764","0","-52","41","255","340","249","663","43030","8753","1234","2627","55644","3842","8058","8385","761","9058","10972","753","0","0","717","586","0","459","-19","9676","1419","54667","2221","2150","59038","-2526"
"209","2014 Aug","7512","1756","9268","254","181","9703","-1054","8649","-780","7869","10330","813","657","2375","2272","256","996","187","0","1774","1349","2","11112","-123","3820","0","-13","56","256","410","249","690","37468","8774","676","2707","49625","4386","8029","7771","881","8854","10694","633","0","0","741","502","0","302","-21","8827","2229","53828","2221","1088","57137","3090"
"210","2014 Sep","12505","1137","13642","256","175","14073","-1009","13064","-778","12286","10650","877","940","2238","2282","151","1076","170","0","1835","48","3","11081","-168","3824","0","82","52","274","366","249","677","36707","8752","724","2648","48831","3144","9902","7730","1433","8990","10852","597","0","0","716","336","0","767","-23","9381","2135","55960","2221","3155","61336","21743"
"211","2014 Oct","7208","671","7879","197","181","8257","3021","11278","-780","10498","11099","1083","835","2271","2214","319","967","149","0","1826","-50","2","10789","379","3612","0","54","40","286","311","196","653","37035","8534","4886","2650","53105","5004","7346","8039","1598","9207","10892","677","0","0","770","418","0","567","3","9348","1735","55604","2236","2473","60313","-3899"
"212","2014 Nov","7758","1944","9702","197","181","10080","-1036","9044","-780","8264","11028","1184","589","2374","2211","192","895","127","0","1674","-84","4","11093","126","3660","0","66","36","269","268","196","628","36536","8761","434","3721","49452","4323","9198","7500","-780","8950","10463","713","0","0","783","754","0","982","0","8745","1528","53159","2236","1815","57210","7543"
"213","2014 Dec","11596","1290","12886","192","175","13253","-1032","12221","-778","11443","11248","892","994","2322","2152","225","1018","114","0","1746","495","-2","12035","100","3602","0","85","17","253","237","196","655","38384","9463","462","2597","50906","3845","7482","8286","1491","9035","10870","647","0","0","834","2518","0","1400","-38","9289","1383","57042","2234","3226","62502","23698"
"214","2015 Jan","-6416","2105","-4311","105","178","-4028","1029","-2999","-601","-3600","10889","618","600","2064","1305","247","718","141","0","1868","12213","4258","11702","285","3686","0","-201","14","269","294","333","553","51856","9214","2578","2638","66286","2995","8046","7704","891","9048","11169","528","0","0","748","906","0","291","0","8847","2192","53365","2272","4233","59870","-18118"
"215","2015 Feb","7180","100","7280","105","178","7563","-1036","6527","-601","5926","10510","721","778","2297","1271","236","667","160","0","1654","2819","1101","12732","-95","3660","0","39","15","273","336","333","586","40093","9982","588","2673","53336","3956","7312","7244","722","8932","11188","437","0","0","782","2409","0","260","5","11317","1079","55643","2272","2601","60516","3522"
"216","2015 Mar","6115","577","6692","108","186","6986","-1037","5949","-601","5348","10683","887","1453","2119","1330","249","728","197","0","1801","326","173","14894","54","3734","0","-216","26","276","409","333","569","40025","11595","1303","2717","55640","1026","8060","8164","370","9361","12442","486","0","0","893","885","0","481","-27","10070","1465","53676","2271","5808","61755","22238"
"217","2015 Apr","14253","-5107","9146","49","42","9237","2866","12103","-601","11502","10882","864","237","2300","2607","274","887","147","0","1945","-90","2","11637","228","3768","0","19","126","231","298","321","764","37447","9210","4524","3029","54210","5123","7993","7814","1184","8887","10965","688","0","0","847","884","0","530","-17","14182","2236","61316","2289","4858","68463","169"
"218","2015 May","8048","517","8565","49","42","8656","-1036","7620","-601","7019","10724","857","572","2301","2653","367","835","156","0","1851","-219","4","11854","-254","3798","0","18","19","239","320","321","721","37137","9371","611","2932","50051","4074","8289","7855","615","9082","10338","833","0","0","960","884","0","418","0","9207","1418","53973","2289","1837","58099","13186"
"219","2015 Jun","10440","-1561","8879","48","46","8973","-1036","7937","-601","7336","11025","923","757","2341","2631","176","844","156","0","2031","-51","2","11966","-392","3794","0","-103","98","255","323","321","775","37872","9454","579","2763","50668","4594","8055","7880","716","9019","10340","848","0","0","1085","622","0","374","-1","11542","1418","56492","2288","2328","61108","17757"
"220","2015 Jul","2667","-243","2424","60","42","2526","-458","2068","-492","1576","11150","893","1217","2322","2315","280","1113","167","0","1955","7586","4","11509","-561","3767","0","-136","48","255","343","281","794","45302","9120","972","2650","58044","4163","8289","8302","890","9298","11385","721","0","0","916","371","0","586","-19","10087","1200","56189","2288","2234","60711","-410"
"221","2015 Aug","7501","2121","9622","60","42","9724","-869","8855","-492","8363","11213","836","467","2360","2306","248","926","171","0","1841","629","2","11704","-170","3734","0","-47","20","256","362","281","738","37877","9264","519","2656","50316","4103","8280","7735","639","9070","11012","598","0","0","966","586","0","562","-39","8630","1876","54018","2288","1511","57817","89"
"222","2015 Sep","11141","1294","12435","56","46","12537","-1007","11530","-495","11035","11311","882","846","2278","2303","210","998","172","0","1930","20","4","11430","-204","3644","0","7","72","271","348","281","701","37504","9063","1072","2661","50300","2594","10071","7816","1366","9101","10874","566","0","0","951","311","0","840","-2","9419","1906","55813","2289","3339","61441","21553"
"223","2015 Oct","8667","469","9136","62","42","9240","1295","10535","-492","10043","11496","1074","840","2324","2248","270","945","166","0","2029","-72","21","11456","230","3384","0","20","66","277","336","188","752","38050","9076","2817","2688","52631","5215","8280","7910","668","9291","11119","645","0","0","1030","697","0","785","1","9389","1628","56658","2296","2344","61298","-55"
"224","2015 Nov","8269","2046","10315","62","42","10419","-1017","9402","-492","8910","11275","1212","508","2383","2245","214","956","153","0","1827","-30","9","11559","-10","3451","0","30","26","270","311","188","676","37253","9153","603","2789","49798","3312","8057","7574","615","9118","10620","704","0","0","986","1562","0","1075","-14","8496","1248","53353","2296","2418","58067","7669"
"225","2015 Dec","8361","27","8388","62","46","8496","-1016","7480","-495","6985","11632","912","915","2327","2192","253","1150","143","0","1973","625","3","12260","-359","3459","0","18","86","259","290","188","652","38978","9671","608","2645","51902","3590","8409","8261","777","9110","10910","683","0","0","987","1475","0","771","2","10575","1331","56881","2294","1088","60263","20547"
"226","2016 Jan","-8421","1374","-7047","1","45","-7001","901","-6100","-721","-6821","11166","570","634","2140","1350","298","831","132","0","2103","12447","5397","12444","22","4045","0","-80","59","271","278","276","600","54983","9809","2409","2681","69882","4202","8297","7579","753","9263","10944","617","0","0","1011","526","0","560","-34","8903","2124","54745","2335","4381","61461","-20154"
"227","2016 Feb","4260","2442","6702","1","45","6748","-896","5852","-721","5131","11038","777","1039","2279","1318","495","824","152","0","1855","3150","1371","12713","20","3984","0","-269","25","265","321","276","712","42345","10008","523","2742","55618","4523","7747","7472","816","9293","11569","517","0","0","989","2328","0","363","-7","8506","862","54978","2335","2565","59878","-693"
"228","2016 Mar","4760","1156","5916","-5","43","5954","-1007","4947","-722","4225","11041","897","1074","2267","1416","238","965","211","0","1999","333","241","15627","-163","3973","0","-39","88","266","450","276","664","41824","11006","1302","2772","56904","1082","8332","7940","406","9502","13156","481","0","0","1161","1008","0","362","2","9803","1371","54606","2334","4724","61664","18864"
"229","2016 Apr","12614","-3634","8980","175","185","9340","2799","12139","-721","11418","11362","852","269","2366","2643","246","1294","159","0","2201","-115","7","11894","203","4334","0","-15","51","247","326","262","804","39390","10039","4255","2762","56446","5261","8152","7945","1252","9474","11443","543","0","0","1145","504","0","746","-39","11201","2405","60032","2352","6676","69060","1604"
"230","2016 May","6717","1019","7736","261","185","8182","-1006","7176","-721","6455","11029","969","625","2314","2705","241","789","164","0","2040","-180","2","11869","-233","4469","0","0","14","245","340","262","784","38448","9912","687","2737","51784","4807","8479","7848","561","9589","10628","599","0","0","1119","805","0","450","1","9028","1336","55250","2352","899","58501","7494"
"231","2016 Jun","7582","-2083","5499","230","180","5909","-1006","4903","-722","4181","11435","907","726","2425","2646","278","869","164","0","2220","22","18","12170","-304","4668","0","0","131","252","341","262","841","40071","10205","492","2791","53559","3810","8240","7797","682","9800","10677","622","0","0","1077","502","0","546","-4","11766","1421","56936","2358","1847","61141","20024"
"232","2016 Jul","-54","159","105","166","185","456","141","597","-576","21","11394","859","760","2339","2425","380","1020","158","0","2193","7478","6","12135","-342","4710","0","-259","41","251","329","265","771","46913","10332","1657","2793","61695","4285","8477","8022","792","9609","11631","593","0","0","1117","907","0","580","-30","10222","1236","57441","2362","1838","61641","3446"
"233","2016 Aug","5912","2061","7973","185","185","8343","-1095","7248","-576","6672","11238","925","843","2354","2410","247","1058","177","0","2093","1770","2","11589","-122","4726","0","-95","5","260","371","265","766","40882","9866","552","2767","54067","4925","8485","7963","837","9652","10911","588","0","0","1119","893","0","602","-9","8627","1791","56384","2362","1233","59979","4072"
"234","2016 Sep","9878","1569","11447","216","180","11843","-1121","10722","-577","10145","11649","897","857","2350","2384","349","970","176","0","2213","147","-2","11833","-407","4631","0","0","130","273","363","265","779","39857","10024","962","2752","53595","3468","10257","7664","1452","9755","10602","645","0","0","1106","993","0","564","-1","9018","1845","57368","2360","3745","63473","22521"
"235","2016 Oct","4812","565","5377","149","185","5711","2039","7750","-576","7174","12019","1011","717","2361","2300","557","1074","161","0","2191","30","2","11950","-117","4204","0","0","14","285","330","237","722","40048","10087","3783","2814","56732","4906","8474","7757","619","9803","10614","1052","0","0","1264","993","0","955","-83","9758","1416","57528","2393","1623","61544","-3987"
"236","2016 Nov","5756","1913","7669","158","185","8012","-1144","6868","-576","6292","11902","1319","633","2398","2296","239","1123","146","0","1984","40","14","11758","-159","4168","0","-4","31","279","296","237","708","39408","9969","512","2810","52699","4226","8227","7644","692","9737","10886","703","0","0","1110","993","0","759","-48","8633","1358","54920","2393","1142","58455","9835"
"237","2016 Dec","4713","1421","6134","100","180","6414","-1175","5239","-577","4662","11942","883","910","2396","2219","370","1270","145","0","2255","1012","2","12779","-320","4160","0","-7","84","262","299","237","673","41571","10706","481","2808","55566","3319","8605","8198","806","9791","11245","634","0","0","1103","-13","0","1304","-45","9142","1580","55669","2396","2214","60279","19258"
"238","2017 Jan","-11777","1576","-10201","88","184","-9929","1029","-8900","-1610","-10510","12076","631","716","2050","1447","221","968","140","0","2035","13691","6094","12646","-338","4476","0","-141","38","272","294","236","695","58247","10656","2821","3488","75212","4090","8456","7572","594","9746","11591","620","0","0","1219","983","0","636","-50","9655","1567","56679","2425","4331","63435","-27799"
"239","2017 Feb","-2778","3319","541","87","184","812","-1166","-354","-1610","-1964","11750","1005","780","2426","1411","267","920","166","0","1928","4785","2142","13550","47","4517","0","-109","43","268","350","236","667","47149","11330","479","2867","61825","5608","7669","7143","592","9805","11239","478","0","0","1187","1198","0","300","-1","8305","1203","54726","2425","1896","59047","-3656"
"240","2017 Mar","2560","994","3554","46","184","3784","-1220","2564","-1611","953","11687","859","845","2158","1506","320","1053","191","0","2175","612","274","15562","16","4741","0","-23","24","269","395","236","783","43683","12852","1246","2838","60619","1417","8466","7860","441","10214","12959","434","0","0","1340","793","0","352","-9","9702","1259","55228","2425","5526","63179","18321"
"241","2017 Apr","12098","-3173","8925","444","93","9462","3202","12664","-1610","11054","11578","812","488","2451","2712","217","1113","167","0","2403","-106","3","12392","-228","4865","0","-1","130","249","351","228","948","40772","10616","4909","3045","59342","7261","8404","7913","1106","9962","11198","503","0","0","1374","990","0","767","-13","11198","1867","62530","2425","6485","71440","-15286"
"242","2017 May","7586","146","7732","484","93","8309","-1193","7116","-1610","5506","11235","993","755","2279","2777","318","1122","176","0","2488","-190","3","12150","-379","4666","0","-8","37","252","364","228","975","40241","10412","746","2806","54205","4618","8691","7992","691","10022","10439","593","0","0","1313","990","0","404","-36","9188","2002","56907","2425","2459","61791","9839"
"243","2017 Jun","9727","-2434","7293","482","88","7863","-1227","6636","-1611","5025","11771","975","800","2391","2716","334","1132","179","0","2622","139","5","12636","-184","4650","0","-85","110","253","372","228","865","41909","10801","512","2835","56057","5063","8412","7864","814","10131","11127","642","0","0","1272","1251","0","608","-2","12069","1417","60668","2426","2690","65784","17804"
"244","2017 Jul","-767","829","62","391","93","546","-371","175","-865","-690","12294","926","757","2353","2418","272","1268","159","0","2377","8046","5","12365","-546","4505","0","-200","14","256","334","221","828","48652","10592","1427","2824","63495","4958","8693","8055","659","10345","11147","620","0","0","1294","990","0","601","-10","9499","1143","57994","2425","2309","62728","-7155"
"245","2017 Aug","4041","2065","6106","401","93","6600","-1163","5437","-865","4572","12069","998","851","2358","2401","309","1249","181","0","2473","1344","7","11942","-570","4783","0","-24","17","263","380","221","835","42087","10246","608","2818","55759","4503","8682","8072","845","10110","10627","573","0","0","1321","389","0","506","-10","8461","1692","55771","2425","1604","59800","1104"
"246","2017 Sep","9432","1345","10777","398","88","11263","-1178","10085","-862","9223","12012","937","753","2349","2408","291","1163","185","0","2784","144","5","12367","-373","4712","0","0","131","280","391","221","816","41576","10588","673","2849","55686","3804","10417","7609","1285","10146","11040","538","0","0","1316","918","0","607","-11","9005","1747","58421","2425","4272","65118","19349"
"247","2017 Oct","3301","1173","4474","360","93","4927","3055","7982","-865","7117","12356","1162","653","2311","2334","297","1213","169","0","2517","81","5","12306","283","4555","0","0","16","286","346","171","794","41855","10535","5126","2909","60425","6147","8662","7949","733","10237","11180","543","0","0","1426","915","0","585","-85","9367","1448","59107","2442","2177","63726","-6728"
"248","2017 Nov","5027","2383","7410","151","93","7654","-1073","6581","-865","5716","12217","1409","1170","2440","2332","291","1172","162","0","2324","97","6","12098","17","4548","0","9","34","274","333","171","796","41900","10367","566","2835","55668","4026","8362","7808","722","10236","11137","508","0","0","1306","915","0","1625","-77","8353","1491","56412","2443","1840","60695","12364"
"249","2017 Dec","3823","1660","5483","-27","88","5544","-1085","4459","-862","3597","12591","887","554","2407","2268","333","1258","144","0","2699","1108","10","13443","-140","4481","0","-52","138","262","297","171","734","43593","11454","502","2825","58374","4533","8860","8068","734","10635","11432","426","0","0","1303","-1170","0","709","-75","9080","1281","55816","2443","3938","62197","18789"
"250","2018 Jan","-7144","1755","-5389","-63","88","-5364","-497","-5861","-652","-6513","12026","689","524","2126","1454","259","1061","140","0","2255","12756","5599","12906","-159","4572","0","-140","29","271","318","248","723","57657","11030","1246","2851","72784","4347","8666","7880","710","10707","11217","327","0","0","1382","1082","0","664","-7","9477","1703","58155","2459","5026","65640","-27299"
"251","2018 Feb","236","3337","3573","-42","88","3619","-1058","2561","-652","1909","11712","793","677","2360","1414","289","884","169","0","2442","4271","1876","14010","-153","4510","0","-67","35","266","385","248","711","46832","11919","692","2866","62309","6557","7859","7216","688","10642","11292","269","0","0","1341","1835","0","322","-7","8360","1027","57401","2459","2685","62545","-1947"
"252","2018 Mar","2909","84","2993","-58","91","3026","-1033","1993","-652","1341","11785","1004","784","2053","1402","309","960","201","0","2657","605","269","16311","-180","4913","0","0","98","269","459","248","771","44918","13221","1221","2918","62278","546","8761","7970","568","10976","12986","302","0","0","1386","1081","0","627","-31","10140","1311","56623","2459","6105","65187","19873"
"253","2018 Apr","9821","-2490","7331","-19","541","7853","2329","10182","-652","9530","12493","958","970","2404","2806","415","1085","164","0","2722","-65","5","12924","-77","4894","0","-13","44","252","365","216","876","43438","10951","4075","2823","61287","6313","8611","7829","1190","10163","11538","413","0","0","1565","973","0","473","-10","10958","1897","61913","2456","6739","71108","-6062"
"254","2018 May","5056","-89","4967","24","541","5532","-998","4534","-652","3882","12120","1073","651","2302","2851","236","976","183","0","2581","-102","4","12546","-417","5029","0","0","62","261","417","216","941","41930","10648","667","2847","56092","3592","8948","8298","887","10326","11131","505","0","0","1532","757","0","465","-28","9293","1374","57080","2456","1612","61148","6909"
"255","2018 Jun","4303","353","4656","-12","540","5184","-1038","4146","-652","3494","12549","1027","803","2459","2829","301","1015","168","0","2858","216","5","13271","-363","5020","0","-67","140","258","382","216","968","44055","11229","619","2836","58739","5130","8658","7914","808","10465","11699","523","0","0","1440","628","0","542","-17","9418","1325","58533","2456","2053","63042","13599"
"256","2018 Jul","-2677","-1841","-4518","-26","541","-4003","1579","-2424","-836","-3260","12823","1034","744","2338","2454","288","1194","161","0","2656","9004","5","12975","-428","4823","0","-138","21","260","367","229","903","51713","10995","3199","2899","68806","4756","8944","8215","759","10791","11994","473","0","0","1453","981","0","647","-6","11871","1266","62144","2471","1514","66129","-13796"
"257","2018 Aug","5684","1756","7440","-29","541","7952","-876","7076","-836","6240","12431","1003","921","2364","2438","296","1240","179","0","2537","1338","8","12584","-355","4710","0","-62","14","264","403","229","910","43452","10682","589","2904","57627","4788","8932","8331","962","10555","11255","402","0","0","1499","1031","0","728","2","8395","1732","58612","2471","2228","63311","4605"
"258","2018 Sep","8184","1112","9296","-44","540","9792","-900","8892","-836","8056","12392","916","705","2402","2464","234","986","189","0","2871","225","3","13132","-376","4660","0","-6","145","280","432","229","875","42758","11119","832","2870","57579","3044","10648","7807","1109","10425","11039","377","0","0","1557","1075","0","864","1","8785","1633","58364","2472","4927","65763","15236"
"259","2018 Oct","5976","420","6396","-105","541","6832","2361","9193","-836","8357","12891","1228","1242","2229","2419","421","1196","179","0","2578","154","5","12865","113","4462","0","0","20","290","395","187","844","43718","10901","4142","2917","61678","7145","8969","8286","943","10786","12033","424","0","0","1521","1079","0","633","-17","9689","1539","63030","2486","2138","67654","-3197"
"260","2018 Nov","4950","1274","6224","-54","541","6711","-906","5805","-836","4969","13040","1369","269","2518","2418","406","1141","159","0","2438","130","6","12764","250","4471","0","0","34","276","353","187","821","43050","10819","632","2885","57386","3140","8644","7951","954","10696","11692","457","0","0","1489","1076","0","1234","-15","8326","1442","57086","2486","2764","62336","6727"
"261","2018 Dec","4543","1418","5961","-147","540","6354","-921","5433","-836","4597","13192","899","686","2364","2378","278","1184","109","0","2689","1384","14","14066","-140","4476","0","-324","50","259","236","187","774","44761","11864","645","2899","60169","4086","9082","8361","756","10744","11525","454","0","0","1535","321","0","645","-12","8858","1474","57829","2487","4396","64712","18231"
"262","2019 Jan","-11949","1443","-10506","-150","542","-10114","-454","-10568","-700","-11268","13276","852","648","2230","1519","238","911","187","0","2682","14690","6666","13601","-418","4762","0","-125","100","278","446","209","708","63460","11490","1213","3020","79183","3647","8852","8163","827","10820","12054","458","0","0","1513","1087","0","744","-15","9288","1637","59075","2537","5622","67234","-25778"
"263","2019 Feb","-636","3081","2445","-142","542","2845","-976","1869","-700","1169","12178","747","866","2241","1484","225","921","173","0","2484","3838","2192","14355","-165","4799","0","4","34","271","404","209","707","47967","12094","730","2953","63744","4732","8024","7666","691","10621","11949","444","0","0","1460","2856","0","389","-5","8242","1066","58135","2537","2436","63108","-1666"
"264","2019 Mar","667","76","743","-161","538","1120","-927","193","-701","-508","12418","991","647","2142","1564","281","1039","181","0","2737","543","278","18387","56","4747","0","-13","90","278","419","209","869","47863","14888","1299","3066","67116","-5","8946","8211","561","11157","14237","491","0","0","1582","1037","0","543","-21","9447","1388","57574","2532","7677","67783","22067"
"265","2019 Apr","11199","-2116","9083","-47","62","9098","2047","11145","-700","10445","12758","987","648","2380","2785","276","1097","164","0","2932","-183","5","13473","51","4492","0","0","43","254","373","222","920","43677","10937","4908","2990","62512","6432","8751","8379","975","11156","11948","605","0","0","1726","742","0","1157","-26","11100","1520","64465","2535","6711","73711","-9809"
"266","2019 May","5731","272","6003","-51","62","6014","-929","5085","-700","4385","12824","1063","767","2277","2819","259","902","190","0","2824","-245","4","13172","-218","4458","0","0","11","258","440","222","859","42886","11492","521","2980","57879","3327","9064","8550","586","11436","12157","684","0","0","1630","635","0","362","-39","9001","1379","58772","2535","2303","63610","16641"
"267","2019 Jun","7407","733","8140","-72","66","8134","-964","7170","-701","6469","12880","940","724","2393","2807","227","904","179","0","3121","160","5","13576","-284","4663","0","0","163","261","415","222","818","44174","11961","479","2969","59583","7453","8764","8180","265","11428","12012","680","0","0","1589","1034","0","468","36","9290","1255","62454","2536","2000","66990","13515"
"268","2019 Jul","1035","-1330","-295","-92","62","-325","-469","-794","-734","-1528","13324","1014","889","2279","2475","279","1190","167","0","2889","9356","4","12802","-540","4748","0","-137","14","265","391","206","907","52522","11622","1085","2975","68204","4555","9055","8687","417","11948","12403","606","0","0","1622","1060","0","791","-67","11781","1330","64188","2550","2501","69239","-8087"
"269","2019 Aug","3657","2606","6263","-92","62","6233","-921","5312","-734","4578","12964","1039","914","2394","2464","312","1111","183","0","2793","1697","8","12596","-331","4666","0","-26","10","267","427","206","872","44566","11608","561","2939","59674","3915","9036","8461","560","11440","12133","551","0","0","1658","1060","0","441","24","8060","1313","58652","2551","2128","63331","5653"
"270","2019 Sep","8668","1325","9993","-101","66","9958","-945","9013","-734","8279","12983","946","669","2356","2481","231","1068","186","0","3070","297","4","12643","-382","4550","0","-7","156","280","430","206","899","43066","11915","2162","2951","60094","2514","10736","8166","505","11587","12257","590","0","0","1635","1061","0","534","27","8637","1661","59910","2548","6304","68762","14773"
"271","2019 Oct","8675","708","9383","-114","62","9331","2486","11817","-734","11083","13562","1200","637","2308","2404","287","1133","178","0","2872","117","4","12518","-519","3649","0","-1","16","293","411","204","891","42164","11675","3955","2964","60758","6590","9078","8731","249","11733","12773","756","0","0","1632","1060","0","729","-13","9869","1690","64877","2582","1974","69433","143"
"272","2019 Nov","4157","2716","6873","-144","62","6791","-930","5861","-734","5127","13043","1397","590","2362","2408","365","1017","168","0","2732","234","5","12564","-374","3576","0","-14","36","289","386","204","806","41794","11825","608","3210","57437","2187","8685","8162","152","12048","12279","804","0","0","1604","340","0","1190","-6","8059","1574","57078","2582","1934","61594","9494"
"273","2019 Dec","5331","1977","7308","-123","66","7251","-942","6309","-734","5575","12938","940","1039","2433","2363","304","1385","153","0","2993","1409","6","13848","-398","3629","0","0","119","271","354","204","881","44871","12445","667","2928","60911","2865","9262","8780","173","11764","12598","690","0","0","1716","421","0","1474","-10","8781","1564","60078","2579","3585","66242","15822"
"274","2020 Jan","-9882","2255","-7627","-131","62","-7696","-664","-8360","-842","-9202","12569","748","473","2133","1590","312","834","171","0","2786","15295","7048","13939","-244","4238","0","-162","17","277","356","209","805","63394","12284","909","3814","80401","4045","8994","9226","350","11785","12563","459","0","0","1620","2137","0","414","0","8826","1797","62216","2591","5712","70519","-20467"
"275","2020 Feb","-858","3490","2632","-142","62","2552","-919","1633","-842","791","12304","856","805","2302","1558","299","871","198","0","2645","3296","2408","14625","-147","4340","0","-28","34","270","411","209","793","48049","12522","668","2979","64218","4297","8442","8261","87","11627","12669","335","0","0","1635","1349","0","391","-2","8045","1236","58372","2591","2397","63360","-2512"
"276","2020 Mar","11840","-3514","8326","-213","63","8176","-1149","7027","-840","6187","11822","894","1538","1955","1673","466","1037","213","0","2603","576","326","18448","-290","4342","0","-34","45","274","440","209","835","47372","13788","1339","2948","65447","1426","8950","9163","-154","12131","14878","426","2142","0","2045","653","0","485","2","13179","1570","66896","2589","7802","77287","20662"
"277","2020 Apr","56349","-10114","46235","64","-70","46229","2829","49058","-842","48216","9971","974","230","1373","1441","439","654","142","0","2334","-749","7","12848","-364","3772","0","0","89","247","300","195","606","34509","10647","4578","2943","52677","5254","9043","9739","794","12062","15544","734","10007","0","3380","1088","0","937","-15","28313","1892","98772","2601","7653","109026","63830"
"278","2020 May","50793","1722","52515","61","-70","52506","-1235","51271","-842","50429","9348","1088","541","990","1517","298","390","176","0","2423","-215","10","12833","-493","3915","0","-3","28","243","362","195","624","34270","11265","579","2937","49051","3512","9341","9978","174","12694","14463","1010","10105","6811","2994","1634","0","759","-11","10669","1470","85603","2601","11640","99844","63024"
"279","2020 Jun","32947","741","33688","35","-69","33654","-1354","32300","-840","31460","10381","999","870","1619","1410","257","635","199","0","2434","105","21","12944","-767","3927","0","-1","88","264","406","195","801","36787","11375","644","3083","51889","2847","9047","9698","127","12418","15220","1143","8055","570","2889","1986","0","292","-3","9686","1391","75366","2599","6871","84836","47155"
"280","2020 Jul","23711","-2558","21153","-80","-70","21003","793","21796","-772","21024","11422","1149","888","1840","1358","283","705","208","0","2519","4705","41","12972","-890","4322","0","-60","22","267","441","173","779","43144","11520","2931","2980","60575","2458","9411","10541","263","12789","15615","1104","5566","194","2987","664","0","663","-5","12766","1287","76303","2622","5361","84286","25471"
"281","2020 Aug","23173","2345","25518","-110","-70","25338","-1340","23998","-772","23226","11631","1069","1053","2125","1365","213","577","190","0","2555","1842","44","13073","-300","4359","0","-72","39","271","434","173","750","41391","11791","731","2974","56887","3609","9302","9942","91","12311","14066","914","3382","4655","3764","418","0","502","-8","8197","1763","72908","2622","4530","80060","21721"
"282","2020 Sep","29085","952","30037","-166","-69","29802","-1402","28400","-774","27626","12027","1079","827","2123","1234","156","756","201","0","2528","362","69","13144","-405","4373","0","-8","60","403","454","173","800","40356","11770","757","2982","55865","5002","11022","10028","411","12535","14797","678","2003","1006","3282","861","0","464","-3","9269","1712","73067","2622","9261","84950","25171"
"283","2020 Oct","13737","1352","15089","-184","-70","14835","3078","17913","-772","17141","12737","1158","885","2162","1461","287","833","192","0","2520","369","72","13142","-305","4584","0","0","101","319","436","161","954","42068","11886","5227","3052","62233","1980","9293","10269","255","12768","15960","488","1452","278","2891","1076","0","562","-3","10290","1611","69170","2637","4163","75970","14414"
"284","2020 Nov","23208","39","23247","-98","-70","23079","-1420","21659","-772","20887","12641","1236","699","2111","1469","249","908","156","0","2493","643","92","13406","272","4764","0","-63","38","357","352","161","877","42861","12150","578","3005","58594","4221","9012","9944","139","13229","15649","363","3068","1","3166","1791","0","918","-18","12165","1639","75287","2637","3878","81802","23918"
"285","2020 Dec","23144","2540","25684","-127","-69","25488","-1436","24052","-774","23278","13019","896","981","1914","1248","439","1289","160","0","2408","2240","114","14657","-411","4969","0","0","152","403","363","161","831","45833","12610","611","3024","62078","2839","9420","10325","203","12744","16111","318","2845","5267","3874","1426","0","1039","-8","9043","1507","76953","2634","5635","85222","33438"
"286","2021 Jan","725","1199","1924","-263","-72","1589","-720","869","-767","102","12218","699","588","1694","982","313","632","157","280","2557","16465","7576","15086","-108","5371","0","-1","17","344","362","105","712","66049","12804","1569","3032","83454","1705","9284","10249","-27","13017","16015","391","3983","826","3407","0","0","599","11","13804","1809","75073","2674","6432","84179","-10763"
"287","2021 Feb","11979","5024","17003","-217","-72","16714","-1436","15278","-767","14511","11414","795","864","1581","941","279","834","173","334","2487","4282","2363","15587","-38","5390","0","-30","20","254","413","105","774","48822","12819","694","3048","65383","5500","8531","9805","-4","12930","16269","476","3901","113","3643","0","0","428","-9","8491","1382","71456","2674","3232","77362","6363"
"288","2021 Mar","32738","-5632","27106","-327","-66","26713","-1475","25238","-768","24470","11359","1014","1362","1402","1463","466","1312","189","379","2627","1139","722","18543","-351","5324","0","-3","145","295","432","105","960","48884","13952","649","3034","66519","2042","9523","10921","-214","14166","20909","589","3587","-6","3546","0","0","780","-2","16299","2834","84974","2674","11609","99257","20752"
"289","2021 Apr","32283","-6503","25780","-91","-325","25364","-1443","23921","-767","23154","12403","1094","450","2011","1748","386","1153","167","328","2397","289","175","15129","-69","5313","0","-66","16","272","385","117","854","44552","12015","650","3032","60249","5117","9137","10310","913","12704","15424","683","2619","2494","2910","0","0","529","-3","17373","1826","82036","2661","7835","92532","30552"
"290","2021 May","21238","-1835","19403","-93","-325","18985","-1445","17540","-767","16773","12846","1132","612","2310","1758","331","748","190","317","2437","303","124","14983","-193","5303","0","-46","38","282","440","117","827","44859","12704","523","2991","61077","4677","9641","9952","-106","13565","15509","723","1869","2745","2891","0","0","385","-14","12052","1642","75531","2661","4123","82315","23842"
"291","2021 Jun","20564","517","21081","-102","-322","20657","-1457","19200","-768","18432","12972","1150","1211","2250","1801","410","1296","190","377","2360","762","161","14702","-770","5198","0","-18","124","297","440","117","916","45946","12616","594","3008","62164","9368","9204","9871","91","13293","15849","675","1413","265","2845","0","807","195","-15","10789","1791","76441","2659","3628","82728","19288"
"292","2021 Jul","6462","-1861","4601","-110","-325","4166","396","4562","-727","3835","13782","1120","709","2266","1961","325","1413","189","375","2478","8554","267","14613","-800","5458","0","-13","47","295","439","112","973","54563","12815","2517","3097","72992","3791","9490","10326","150","13661","16206","561","1106","0","2478","0","801","414","-7","12229","1514","72720","2657","4077","79454","1844"
"293","2021 Aug","13952","2124","16076","-103","-325","15648","-1405","14243","-727","13516","13227","1084","1171","2285","1961","284","1019","192","406","2476","2218","122","14526","-502","5445","0","-53","20","321","443","112","1011","47768","12941","686","3020","64415","6752","9520","10224","-33","13019","14804","480","824","2120","2417","0","806","570","-9","9194","1815","72503","2657","3207","78367","8471"
"294","2021 Sep","18679","854","19533","-195","-322","19016","-1425","17591","-726","16865","13710","1201","758","2250","2105","293","1387","188","437","2427","695","133","14551","-203","5898","0","-27","81","467","434","112","969","47866","12979","705","3009","64559","5147","11108","10032","217","13537","15581","479","681","568","2585","0","805","310","-9","10194","1744","72979","2656","7603","83238","14595"
"295","2021 Oct","3449","1974","5423","-270","-325","4828","3468","8296","-727","7569","14621","1318","915","2266","2040","396","1440","178","428","2589","362","200","14963","-378","6531","0","-103","80","373","412","88","908","49627","13248","5410","3287","71572","6062","9593","9463","8","13336","15875","593","0","156","2280","0","862","352","-9","9178","1774","69523","2691","2807","75021","2580"
"296","2021 Nov","7170","2528","9698","-270","-325","9103","-1450","7653","-727","6926","14841","1412","738","2230","2039","328","1324","153","458","2554","597","153","14696","-250","6832","0","0","16","305","355","88","941","49810","13189","569","3047","66615","4888","9144","9832","27","13455","15436","634","0","0","2307","0","860","536","-6","8820","1931","67864","2691","3230","73785","13053"
"297","2021 Dec","10485","1512","11997","-272","-322","11403","-1341","10062","-726","9336","14728","867","876","2283","2127","401","1884","158","414","2492","2402","120","16609","-653","6799","0","0","144","297","367","88","894","53297","14126","571","3432","71426","8652","9691","10234","148","13409","16455","582","0","-1","2452","0","872","664","-9","9388","1734","74271","2694","4946","81911","17963"
"298","2022 Jan","-12196","1378","-10818","-320","-322","-11460","-824","-12284","-846","-13130","15104","832","695","1839","1615","252","1020","151","429","2670","16424","10669","16989","-369","6574","0","-53","30","318","369","113","819","76490","14488","1347","3108","95433","6302","9533","9518","-117","13547","17060","585","0","-3","2456","0","852","235","-2","10924","1760","72650","2844","7743","83237","-23231"
"299","2022 Feb","4939","3960","8899","-320","-322","8257","-1146","7111","-846","6265","13620","846","780","2039","1583","592","1275","174","429","2656","3040","2091","17945","-183","6411","0","-96","39","302","425","113","826","54907","14488","634","3115","73144","8204","8747","9373","22","13456","16864","492","0","-1","2215","0","851","374","-16","8678","1449","70708","2844","4531","78083","1558"
"300","2022 Mar","10686","-2552","8134","-319","-324","7491","-909","6582","-846","5736","14722","1123","1276","1914","911","373","1458","201","506","2688","1382","1052","22848","-433","6434","0","-77","124","303","493","113","990","58401","16424","594","3136","78555","3547","9664","10467","-325","13756","21613","520","0","0","2648","0","855","926","2","13969","1939","79581","2840","6820","89241","18677"
"301","2022 Apr","14436","-2396","12040","-118","-590","11332","2217","13549","-846","12703","14484","978","613","2095","2534","403","1619","168","412","3112","338","145","16512","-54","6052","0","-29","36","312","410","122","954","51216","14171","3861","3160","72408","6751","9473","10256","1106","13701","14636","714","0","0","2016","0","863","859","6","13230","5195","78806","2882","5156","86844","2410"
"302","2022 May","10076","512","10588","-118","-590","9880","-693","9187","-846","8341","14848","1132","695","2277","2534","307","1351","187","416","3230","176","178","15938","-672","6095","0","-8","35","312","457","122","1043","50653","14648","733","3163","69197","8054","9979","9849","160","14161","15182","817","0","0","2166","0","868","362","-5","10054","1650","73297","2882","3094","79273","11522"
"303","2022 Jun","19705","291","19996","-119","-593","19284","-575","18709","-846","17863","15043","1035","900","2169","2527","306","1479","183","448","3130","813","154","16620","-747","6558","485","-4","87","312","448","122","1199","52782","15073","861","3176","71892","20120","9680","10275","99","14309","15215","784","0","0","2149","0","738","243","-18","10713","1368","85675","2881","3041","91597","12289"
"304","2022 Jul","2066","-1075","991","-205","-590","196","531","727","-1047","-320","15391","1026","773","2063","2275","315","1610","185","433","3276","9297","153","16642","-631","7060","485","-18","77","312","452","122","1025","61838","14831","2105","3218","81992","6354","10008","12632","120","14566","16866","684","0","0","2115","0","720","403","-7","11524","1322","77307","2952","3799","84058","-1708"
"305","2022 Aug","7001","2028","9029","-205","-590","8234","-165","8069","-1047","7022","15576","1067","1221","2127","2275","291","1697","188","472","3220","2312","189","15718","-655","7444","485","-104","16","312","460","122","1089","55037","14458","965","3268","73728","8643","10064","10411","281","14457","15428","562","0","0","2174","0","723","281","-10","9584","1848","74446","2952","3331","80729","4876"
"306","2022 Sep","14474","2127","16601","-284","-593","15724","153","15877","-1048","14829","15556","1061","677","2011","2263","369","1579","192","525","3171","653","185","16245","-449","7673","485","-2","92","312","470","122","1085","53790","14985","2087","3230","74092","7860","14296","11388","155","14383","15524","580","0","0","2167","0","764","663","-6","9683","1695","79152","2949","6465","88566","13703"
"307","2022 Oct","11547","551","12098","-300","-590","11208","-662","10546","-1047","9499","16688","1141","713","2130","2124","367","1439","176","503","3314","476","190","16502","-308","7752","485","0","74","312","431","79","1040","55143","15108","1011","3294","74556","6374","10009","10413","11","14631","15936","804","0","0","4719","0","694","569","-6","10842","3702","78698","3011","4394","86103","8582"
"308","2022 Nov","13019","2349","15368","-300","-590","14478","721","15199","-1047","14152","16427","1387","988","2117","2124","246","1457","161","428","3202","692","231","16759","-324","7770","485","0","18","312","394","79","1138","55606","13837","949","3577","73969","7635","9766","13121","56","14596","15214","900","0","0","5385","0","692","196","-12","9354","3682","80585","3011","3392","86988","25545"
"309","2022 Dec","14712","1179","15891","-226","-593","15072","1097","16169","-1048","15121","16155","918","748","2068","2112","332","1533","161","489","3149","2370","188","18022","-285","7776","485","0","152","312","393","79","1006","57678","14587","995","3441","76701","18077","10240","10651","143","14746","15785","830","0","0","6539","0","699","1576","-4","10439","3761","93482","3009","-5078","91413","23127"
"310","2023 Jan","-6432","3290","-3142","-552","-593","-4287","-3099","-7386","-922","-8308","15792","734","581","1964","1475","248","900","164","380","3291","21997","12796","18270","-183","7641","282","-26","17","312","400","105","1045","87903","14691","1313","3468","107375","7881","10102","10505","-294","14635","16257","749","0","0","8902","0","704","69","3","9298","5295","84106","3159","13678","100943","-20905"
"311","2023 Feb","7708","4249","11957","-578","-593","10786","1393","12179","-922","11257","15393","841","818","2176","1475","299","917","188","514","3225","3080","1920","19907","-272","7176","282","-41","36","312","461","105","956","59486","14900","1251","3481","79118","8109","9168","9939","-78","14683","15633","557","0","0","7071","0","704","82","-8","9086","3803","78749","3159","4918","86826","6753"
"312","2023 Mar","19491","-2399","17092","-818","-591","15683","1577","17260","-924","16336","15956","1064","648","1901","1470","299","1114","173","426","3210","735","599","24839","-172","7538","282","-2","146","317","423","105","1129","61918","17142","1122","3476","83658","2246","9797","10857","-515","14666","18899","503","0","0","7918","0","703","120","-4","13213","4029","82432","3157","17560","103149","25040"
"313","2023 Apr","31099","-3539","27560","33","-223","27370","-8241","19129","-922","18207","16774","992","503","2078","2602","252","1060","181","383","3325","-208","135","19218","-324","7658","282","-20","16","311","444","100","1079","56559","13997","1276","3509","75341","9819","10563","13755","699","15299","15098","1084","0","0","3499","0","708","331","0","14432","1886","87173","3214","16053","106440","18756"
"314","2023 May","14126","-415","13711","17","-223","13505","1714","15219","-922","14297","16826","1024","555","2050","2602","250","962","198","431","3311","-30","177","17951","-462","8041","244","0","45","311","484","100","1105","55931","13777","1237","3486","74431","8032","11201","11430","243","17881","15430","985","0","0","3260","0","695","270","-9","10799","1661","81878","3214","3465","88557","17022"
"315","2023 Jun","19039","-1897","17142","-71","-229","16842","2059","18901","-924","17977","16028","1313","923","2128","2591","338","1061","210","394","3287","747","140","19278","-1012","8062","244","0","145","311","513","100","1320","57877","14872","1269","3543","77561","13073","10922","12665","351","15851","17258","317","0","0","3164","0","772","313","-5","12578","1517","88776","3213","4611","96600","20069"
"316","2023 Jul","15601","-907","14694","29","-223","14500","-12256","2244","-924","1320","16667","1579","865","1674","2399","239","1178","174","420","3419","11847","157","18382","-1288","8595","244","0","14","311","427","93","1129","68281","14545","1554","3641","88021","7957","11281","11765","126","16087","17430","843","0","0","2117","0","767","319","-7","11412","1557","81654","3251","18717","103622","10021"
"317","2023 Aug","7511","1597","9108","1","-223","8886","2167","11053","-924","10129","15591","715","927","2546","2399","283","1234","221","455","3301","1522","170","17484","-577","8697","244","-118","39","311","514","93","1144","56951","14160","1605","3580","76296","5665","11279","12092","173","16061","15543","1047","0","0","2165","0","766","254","-2","10046","1760","76849","3251","3707","83807","6104"
"318","2023 Sep","11807","1641","13448","21","-229","13240","2207","15447","-924","14523","16204","927","715","1954","2390","223","1115","221","410","3242","142","165","17902","-415","8712","284","-119","139","311","498","93","1168","55997","14474","1783","3545","75799","611","15602","11544","494","15833","16489","739","0","0","2121","0","777","547","-3","10067","1750","76571","3251","7784","87606","15145"
"319","2023 Oct","23295","-401","22894","-25","-223","22646","-6987","15659","-924","14735","17159","1112","671","2114","2231","266","1219","199","480","3357","302","174","17580","-211","8639","284","-3","14","311","452","98","1171","57335","14422","1790","3614","77161","8269","11344","13306","194","16003","17279","675","0","0","2115","0","540","525","-6","11419","1877","83540","3298","13618","100456","18195"
"320","2023 Nov","9741","2135","11876","35","-223","11688","2017","13705","-924","12781","17015","1297","751","2226","2231","242","1071","183","378","3244","557","172","17650","566","8761","284","-3","35","311","414","98","1073","58272","14326","1550","3571","77719","7277","11046","13004","116","15960","16723","1011","0","0","2303","0","540","240","-4","9533","1743","79492","3298","4670","87460","17405"
"321","2023 Dec","4587","1416","6003","-27","-229","5747","2023","7770","-924","6846","17327","1038","721","2094","2219","322","1216","187","449","3222","1749","159","19947","-239","8697","284","0","176","311","425","98","1018","61136","15267","1493","3578","81474","3962","11475","12230","25","15905","16827","975","0","0","2377","0","540","770","-3","10283","2013","77379","3299","5383","86061","18660"
